model,sequence_id,program_bits,complexity_level,h_model_bits_per_sym,h_ctw_D4,h_ctw_D8,h_ctw_D12,h_ctw_best,sg_D4,sg_D8,sg_D12,sg_primary,sg_min
Qwen/Qwen2.5-3B,L1_0000,24,1,0.379241,0.010053148130867124,0.010055474081425455,0.010055629091960743,0.010055629091960743,0.3691878518691329,0.36918552591857456,0.36918537090803927,0.36918552591857456,0.36918537090803927
Qwen/Qwen2.5-3B,L1_0001,24,1,0.379647,0.005025305574975918,0.0050275866589622,0.005027738590845903,0.005027738590845903,0.3746216944250241,0.3746194133410378,0.37461926140915414,0.3746194133410378,0.37461926140915414
Qwen/Qwen2.5-3B,L1_0002,24,1,1.035226,0.42342805125082994,0.42343411521451424,0.4234345190310208,0.4234345190310208,0.61179794874917,0.6117918847854857,0.6117914809689792,0.6117918847854857,0.6117914809689792
Qwen/Qwen2.5-3B,L1_0003,24,1,0.676571,0.005025305574975918,0.0050275866589622,0.005027738590845903,0.005027738590845903,0.6715456944250241,0.6715434133410378,0.6715432614091541,0.6715434133410378,0.6715432614091541
Qwen/Qwen2.5-3B,L1_0004,24,1,0.946389,0.556165704478446,0.5561748855625002,0.5561755557468671,0.5561755557468671,0.390223295521554,0.39021411443749987,0.390213444253133,0.39021411443749987,0.390213444253133
Qwen/Qwen2.5-3B,L1_0005,24,1,1.076658,0.4285088015909607,0.42851507534011984,0.4285154936105082,0.4285154936105082,0.6481491984090392,0.64814292465988,0.6481425063894917,0.64814292465988,0.6481425063894917
Qwen/Qwen2.5-3B,L1_0006,24,1,1.013096,0.5598101916185926,0.5595302165695909,0.5595309935698564,0.5598101916185926,0.4532858083814074,0.4535657834304091,0.45356500643014364,0.4535657834304091,0.4532858083814074
Qwen/Qwen2.5-3B,L1_0007,24,1,0.741564,0.5859905535917557,0.5860108820291188,0.5860120193087732,0.5860120193087732,0.15557344640824433,0.15555311797088123,0.15555198069122678,0.15555311797088123,0.15555198069122678
Qwen/Qwen2.5-3B,L1_0008,24,1,1.134203,0.6443285786964589,0.6443455645047795,0.6443468125278053,0.6443468125278053,0.4898744213035412,0.48985743549522054,0.4898561874721947,0.48985743549522054,0.4898561874721947
Qwen/Qwen2.5-3B,L1_0009,24,1,1.007123,0.5616825321925537,0.5616922213098698,0.5616929260152631,0.5616929260152631,0.4454404678074463,0.44543077869013015,0.4454300739847369,0.44543077869013015,0.4454300739847369
Qwen/Qwen2.5-3B,L1_0010,24,1,1.038118,0.644025079702771,0.6440413338889835,0.6440425795532169,0.6440425795532169,0.3940929202972291,0.39407666611101655,0.39407542044678323,0.39407666611101655,0.39407542044678323
Qwen/Qwen2.5-3B,L1_0011,24,1,1.186932,0.5616420249846749,0.5616530879755832,0.5616536914561304,0.5616536914561304,0.6252899750153252,0.6252789120244169,0.6252783085438697,0.6252789120244169,0.6252783085438697
Qwen/Qwen2.5-3B,L1_0012,24,1,0.854638,0.018999956527586407,0.01900241322631889,0.01900257724668017,0.01900257724668017,0.8356380434724135,0.8356355867736811,0.8356354227533198,0.8356355867736811,0.8356354227533198
Qwen/Qwen2.5-3B,L1_0013,24,1,0.962624,0.010053148130867124,0.010055474081425455,0.010055629091960743,0.010055629091960743,0.9525708518691329,0.9525685259185745,0.9525683709080393,0.9525685259185745,0.9525683709080393
Qwen/Qwen2.5-3B,L1_0014,24,1,1.089202,0.4268350994800748,0.42684123404911456,0.42684164272993924,0.42684164272993924,0.6623669005199252,0.6623607659508854,0.6623603572700607,0.6623607659508854,0.6623603572700607
Qwen/Qwen2.5-3B,L1_0015,24,1,0.924794,0.012610887246710646,0.012613254883847425,0.012613412765625078,0.012613412765625078,0.9121831127532893,0.9121807451161525,0.9121805872343749,0.9121807451161525,0.9121805872343749
Qwen/Qwen2.5-3B,L1_0016,24,1,0.945582,0.5575826073401025,0.5575928403183378,0.5575935653393563,0.5575935653393563,0.3879993926598976,0.38798915968166225,0.3879884346606437,0.38798915968166225,0.3879884346606437
Qwen/Qwen2.5-3B,L1_0017,24,1,1.156947,0.42342805125082994,0.42343411521451424,0.4234345190310208,0.4234345190310208,0.73351894874917,0.7335128847854857,0.7335124809689791,0.7335128847854857,0.7335124809689791
Qwen/Qwen2.5-3B,L1_0018,24,1,0.811665,0.04509386124200176,0.04509672824872107,0.04509692070306914,0.04509692070306914,0.7665711387579982,0.766568271751279,0.7665680792969308,0.766568271751279,0.7665680792969308
Qwen/Qwen2.5-3B,L1_0019,24,1,0.859091,0.014570730248586922,0.014573178745083263,0.014573342216376725,0.014573342216376725,0.8445202697514131,0.8445178212549168,0.8445176577836233,0.8445178212549168,0.8445176577836233
Qwen/Qwen2.5-3B,L1_0020,24,1,0.269932,0.02524888940829412,0.025251357714916333,0.025251522512305648,0.025251522512305648,0.2446831105917059,0.24468064228508368,0.24468047748769436,0.24468064228508368,0.24468047748769436
Qwen/Qwen2.5-3B,L1_0021,24,1,0.853445,0.015099592720175092,0.01510196479820838,0.015102122976868136,0.015102122976868136,0.8383454072798249,0.8383430352017917,0.8383428770231319,0.8383430352017917,0.8383428770231319
Qwen/Qwen2.5-3B,L1_0022,24,1,0.823907,0.01391059309621901,0.013913001229660833,0.01391316190810807,0.01391316190810807,0.8099964069037809,0.8099939987703391,0.8099938380918918,0.8099939987703391,0.8099938380918918
Qwen/Qwen2.5-3B,L1_0023,24,1,1.038628,0.692168156194714,0.6921826965512399,0.6921836647777091,0.6921836647777091,0.34645984380528616,0.34644530344876023,0.346444335222291,0.34644530344876023,0.346444335222291
Qwen/Qwen2.5-3B,L1_0024,24,1,1.535865,0.7219631411348683,0.7219839900225647,0.7219852408257172,0.7219852408257172,0.8139018588651318,0.8138810099774353,0.8138797591742828,0.8138810099774353,0.8138797591742828
Qwen/Qwen2.5-3B,L1_0025,24,1,1.413475,0.7225857673077176,0.7226043321970139,0.7226057556068767,0.7226057556068767,0.6908892326922824,0.6908706678029861,0.6908692443931234,0.6908706678029861,0.6908692443931234
Qwen/Qwen2.5-3B,L1_0026,24,1,0.794684,0.018999956527586407,0.01900241322631889,0.01900257724668017,0.01900257724668017,0.7756840434724135,0.775681586773681,0.7756814227533197,0.775681586773681,0.7756814227533197
Qwen/Qwen2.5-3B,L1_0027,24,1,0.981888,0.5575826073401025,0.5575928403183378,0.5575935653393563,0.5575935653393563,0.42430539265989753,0.4242951596816622,0.42429443466064365,0.4242951596816622,0.42429443466064365
Qwen/Qwen2.5-3B,L1_0028,24,1,1.029513,0.5489828934711524,0.5418864976899483,0.5414616320639323,0.5489828934711524,0.48053010652884753,0.48762650231005156,0.4880513679360676,0.48762650231005156,0.48053010652884753
Qwen/Qwen2.5-3B,L1_0029,24,1,1.127459,0.562135436404174,0.5621465645398878,0.5621472008427368,0.5621472008427368,0.565323563595826,0.5653124354601122,0.5653117991572632,0.5653124354601122,0.5653117991572632
Qwen/Qwen2.5-3B,L1_0030,24,1,1.076337,0.6445910586389432,0.6446098426301365,0.6446109134989658,0.6446109134989658,0.43174594136105693,0.43172715736986356,0.4317260865010343,0.43172715736986356,0.4317260865010343
Qwen/Qwen2.5-3B,L1_0031,24,1,1.119935,0.8042460943907156,0.8042745553003747,0.8042763239381885,0.8042763239381885,0.3156889056092843,0.3156604446996252,0.3156586760618114,0.3156604446996252,0.3156586760618114
Qwen/Qwen2.5-3B,L1_0032,24,1,0.979819,0.5616420249846749,0.5616530879755832,0.5616536914561304,0.5616536914561304,0.41817697501532514,0.4181659120244168,0.4181653085438696,0.4181659120244168,0.4181653085438696
Qwen/Qwen2.5-3B,L1_0033,24,1,0.367701,0.012610887246710646,0.012613254883847425,0.012613412765625078,0.012613412765625078,0.35509011275328933,0.3550877451161526,0.35508758723437495,0.3550877451161526,0.35508758723437495
Qwen/Qwen2.5-3B,L1_0034,24,1,1.027701,0.7646577970705914,0.7522836366688146,0.7522851324179518,0.7646577970705914,0.2630432029294085,0.2754173633311854,0.27541586758204817,0.2754173633311854,0.2630432029294085
Qwen/Qwen2.5-3B,L1_0035,24,1,0.922182,0.5891987778221435,0.587182057071615,0.587183491517356,0.5891987778221435,0.3329832221778565,0.334999942928385,0.3349985084826439,0.334999942928385,0.3329832221778565
Qwen/Qwen2.5-3B,L1_0036,24,1,0.968503,0.7219631411348683,0.7219839900225647,0.7219852408257172,0.7219852408257172,0.24653985886513174,0.24651900997743526,0.24651775917428276,0.24651900997743526,0.24651775917428276
Qwen/Qwen2.5-3B,L1_0037,24,1,0.943754,0.5661037873655765,0.5661130509143891,0.5661137351306741,0.5661137351306741,0.37765021263442344,0.37764094908561086,0.3776402648693259,0.37764094908561086,0.3776402648693259
Qwen/Qwen2.5-3B,L1_0038,24,1,0.908169,0.8296998793397509,0.830254396750739,0.8299197351620048,0.830254396750739,0.07846912066024914,0.07791460324926103,0.07824926483799521,0.07791460324926103,0.07791460324926103
Qwen/Qwen2.5-3B,L1_0039,24,1,0.959529,0.5908971279672591,0.5909088823300953,0.5909096649104079,0.5909096649104079,0.36863187203274084,0.36862011766990466,0.3686193350895921,0.36862011766990466,0.3686193350895921
Qwen/Qwen2.5-3B,L1_0040,24,1,1.05894,0.5930278619289706,0.5930410751060122,0.5930419549285907,0.5930419549285907,0.4659121380710294,0.46589892489398776,0.4658980450714093,0.46589892489398776,0.4658980450714093
Qwen/Qwen2.5-3B,L1_0041,24,1,1.042425,0.7223003980276991,0.7223176343431643,0.7223187439999428,0.7223187439999428,0.32012460197230086,0.3201073656568356,0.32010625600005715,0.3201073656568356,0.32010625600005715
Qwen/Qwen2.5-3B,L1_0042,24,1,0.257517,0.015099592720175092,0.01510196479820838,0.015102122976868136,0.015102122976868136,0.24241740727982491,0.2424150352017916,0.24241487702313186,0.2424150352017916,0.24241487702313186
Qwen/Qwen2.5-3B,L1_0043,24,1,1.024545,0.6901517566312151,0.6901662536736936,0.6901672188591885,0.6901672188591885,0.33439324336878495,0.3343787463263065,0.3343777811408115,0.3343787463263065,0.3343777811408115
Qwen/Qwen2.5-3B,L1_0044,24,1,1.004847,0.6556663183040589,0.6534102145655613,0.6534121020963872,0.6556663183040589,0.3491806816959412,0.3514367854344388,0.3514348979036128,0.3514367854344388,0.3491806816959412
Qwen/Qwen2.5-3B,L1_0045,24,1,0.998458,0.6361194389642142,0.6359540047686544,0.6357885165881005,0.6361194389642142,0.36233856103578577,0.3625039952313456,0.3626694834118994,0.3625039952313456,0.36233856103578577
Qwen/Qwen2.5-3B,L1_0046,24,1,0.29104,0.017685669410862474,0.01768808441030541,0.017688245548064793,0.017688245548064793,0.27335433058913755,0.2733519155896946,0.2733517544519352,0.2733519155896946,0.2733517544519352
Qwen/Qwen2.5-3B,L1_0047,24,1,0.865854,0.599167363572666,0.5983784127718171,0.5983792299708122,0.599167363572666,0.26668663642733403,0.2674755872281829,0.26747477002918785,0.2674755872281829,0.26668663642733403
Qwen/Qwen2.5-3B,L1_0048,24,1,1.103158,0.6789624335973332,0.6731183874761345,0.6731208059048815,0.6789624335973332,0.42419556640266687,0.4300396125238656,0.43003719409511854,0.4300396125238656,0.42419556640266687
Qwen/Qwen2.5-3B,L1_0049,24,1,1.043645,0.7743013663226266,0.7618498245077767,0.7618520709487381,0.7743013663226266,0.26934363367737335,0.2817951754922232,0.28179292905126185,0.2817951754922232,0.26934363367737335
Qwen/Qwen2.5-3B,L1_0050,24,1,1.135549,0.7587308170070608,0.7580478957043583,0.7580495182811969,0.7587308170070608,0.3768181829929391,0.37750110429564165,0.377499481718803,0.37750110429564165,0.3768181829929391
Qwen/Qwen2.5-3B,L1_0051,24,1,1.149546,0.8065047663032039,0.8065315090634704,0.8065332218760141,0.8065332218760141,0.34304123369679607,0.3430144909365296,0.3430127781239859,0.3430144909365296,0.3430127781239859
Qwen/Qwen2.5-3B,L1_0052,24,1,0.845159,0.5916979738484606,0.591712823713522,0.591713812385367,0.591713812385367,0.2534610261515394,0.25344617628647803,0.25344518761463297,0.25344617628647803,0.25344518761463297
Qwen/Qwen2.5-3B,L1_0053,24,1,1.063278,0.5604798129137563,0.5604908285828074,0.5604914429889144,0.5604914429889144,0.5027981870862437,0.5027871714171925,0.5027865570110855,0.5027871714171925,0.5027865570110855
Qwen/Qwen2.5-3B,L1_0054,24,1,1.223197,0.43630122985140857,0.4363077914312539,0.43630822960862303,0.43630822960862303,0.7868957701485915,0.7868892085687462,0.7868887703913771,0.7868892085687462,0.7868887703913771
Qwen/Qwen2.5-3B,L1_0055,24,1,1.059989,0.4268350994800748,0.42684123404911456,0.42684164272993924,0.42684164272993924,0.6331539005199253,0.6331477659508855,0.6331473572700608,0.6331477659508855,0.6331473572700608
Qwen/Qwen2.5-3B,L1_0056,24,1,0.799094,0.5920570196317443,0.5920743507547076,0.5920755046366603,0.5920755046366603,0.20703698036825569,0.20701964924529237,0.20701849536333972,0.20701964924529237,0.20701849536333972
Qwen/Qwen2.5-3B,L1_0057,24,1,1.355092,0.37784808789327806,0.3780992181216052,0.37812517026055675,0.37812517026055675,0.9772439121067219,0.9769927818783948,0.9769668297394432,0.9769927818783948,0.9769668297394432
Qwen/Qwen2.5-3B,L1_0058,24,1,1.054102,0.5916979738484606,0.591712823713522,0.591713812385367,0.591713812385367,0.4624040261515395,0.46238917628647813,0.4623881876146331,0.46238917628647813,0.4623881876146331
Qwen/Qwen2.5-3B,L1_0059,24,1,1.057432,0.6901576102707895,0.6901721160692311,0.6901730818391093,0.6901730818391093,0.36727438972921045,0.3672598839307688,0.3672589181608906,0.3672598839307688,0.3672589181608906
Qwen/Qwen2.5-3B,L1_0060,24,1,0.981767,0.6649224252752747,0.6625866151769076,0.6625882016649527,0.6649224252752747,0.31684457472472527,0.3191803848230923,0.31917879833504725,0.3191803848230923,0.31684457472472527
Qwen/Qwen2.5-3B,L1_0061,24,1,0.846857,0.028113562370425633,0.02794849426685676,0.027948674264536736,0.028113562370425633,0.8187434376295744,0.8189085057331432,0.8189083257354632,0.8189085057331432,0.8187434376295744
Qwen/Qwen2.5-3B,L1_0062,24,1,1.151943,0.44313056653316435,0.44313736181035496,0.4431378161743359,0.4431378161743359,0.7088124334668355,0.708805638189645,0.708805183825664,0.708805638189645,0.708805183825664
Qwen/Qwen2.5-3B,L1_0063,24,1,1.06007,0.6448035643212972,0.644822461165197,0.6448235312039016,0.6448235312039016,0.4152664356787029,0.41524753883480303,0.4152464687960985,0.41524753883480303,0.4152464687960985
Qwen/Qwen2.5-3B,L1_0064,24,1,1.011736,0.6626194283027199,0.6561942271905472,0.6561956170249407,0.6626194283027199,0.34911657169728005,0.35554177280945276,0.3555403829750593,0.35554177280945276,0.34911657169728005
Qwen/Qwen2.5-3B,L1_0065,24,1,0.891658,0.015238725805331987,0.014908467455792461,0.014908633754194869,0.015238725805331987,0.8764192741946679,0.8767495325442075,0.8767493662458051,0.8767495325442075,0.8764192741946679
Qwen/Qwen2.5-3B,L1_0066,24,1,1.052549,0.6443285786964589,0.6443455645047795,0.6443468125278053,0.6443468125278053,0.4082204213035411,0.4082034354952204,0.4082021874721946,0.4082034354952204,0.4082021874721946
Qwen/Qwen2.5-3B,L1_0067,24,1,0.237118,0.02016478917779271,0.020167208691376406,0.020167370131106116,0.020167370131106116,0.21695321082220728,0.2169507913086236,0.21695062986889388,0.2169507913086236,0.21695062986889388
Qwen/Qwen2.5-3B,L1_0068,24,1,0.941546,0.39613260633928943,0.39635581119107527,0.3963689770339815,0.3963689770339815,0.5454133936607106,0.5451901888089248,0.5451770229660184,0.5451901888089248,0.5451770229660184
Qwen/Qwen2.5-3B,L1_0069,24,1,0.313545,0.02027674897298586,0.02027920804312403,0.020279372222234523,0.020279372222234523,0.29326825102701415,0.29326579195687597,0.2932656277777655,0.29326579195687597,0.2932656277777655
Qwen/Qwen2.5-3B,L1_0070,24,1,1.195899,0.5859905535917557,0.5860108820291188,0.5860120193087732,0.5860120193087732,0.6099084464082444,0.6098881179708813,0.6098869806912268,0.6098881179708813,0.6098869806912268
Qwen/Qwen2.5-3B,L1_0071,24,1,1.009569,0.645094510377791,0.6451108184292597,0.6451119461557211,0.6451119461557211,0.36447448962220896,0.3644581815707403,0.36445705384427884,0.3644581815707403,0.36445705384427884
Qwen/Qwen2.5-3B,L1_0072,24,1,0.999416,0.5909351057220732,0.5909482500600642,0.5909491251808352,0.5909491251808352,0.4084808942779268,0.40846774993993573,0.40846687481916477,0.40846774993993573,0.40846687481916477
Qwen/Qwen2.5-3B,L1_0073,24,1,1.166084,0.7671988418014856,0.7672233686567277,0.7672247391587159,0.7672247391587159,0.39888515819851433,0.3988606313432722,0.398859260841284,0.3988606313432722,0.398859260841284
Qwen/Qwen2.5-3B,L1_0074,24,1,1.1741,0.5867742843684841,0.5863905269864861,0.5863922265963787,0.5867742843684841,0.5873257156315158,0.5877094730135138,0.5877077734036212,0.5877094730135138,0.5873257156315158
Qwen/Qwen2.5-3B,L2_0000,40,2,0.736991,0.5858172685875086,0.5858343917957356,0.5858354009785347,0.5858354009785347,0.15117373141249135,0.15115660820426435,0.15115559902146525,0.15115660820426435,0.15115559902146525
Qwen/Qwen2.5-3B,L2_0001,40,2,1.46865,0.6963793300542532,0.681480909492496,0.6814827724666482,0.6963793300542532,0.7722706699457468,0.787169090507504,0.7871672275333518,0.787169090507504,0.7722706699457468
Qwen/Qwen2.5-3B,L2_0002,40,2,1.000518,0.7135871341649848,0.7118441072471208,0.7118454340112876,0.7135871341649848,0.28693086583501526,0.28867389275287925,0.2886725659887124,0.28867389275287925,0.28693086583501526
Qwen/Qwen2.5-3B,L2_0003,40,2,0.847515,0.5945088644386783,0.5945237581940827,0.5945247499146329,0.5945247499146329,0.2530061355613217,0.25299124180591737,0.25299025008536713,0.25299124180591737,0.25299025008536713
Qwen/Qwen2.5-3B,L2_0004,40,2,1.07411,0.6572548946966691,0.6510327589770961,0.6510345667952313,0.6572548946966691,0.4168551053033308,0.4230772410229038,0.4230754332047686,0.4230772410229038,0.4168551053033308
Qwen/Qwen2.5-3B,L2_0005,40,2,0.855492,0.017685669410862474,0.01768808441030541,0.017688245548064793,0.017688245548064793,0.8378063305891376,0.8378039155896946,0.8378037544519352,0.8378039155896946,0.8378037544519352
Qwen/Qwen2.5-3B,L2_0006,40,2,0.979618,0.563179060396563,0.5631884706588778,0.5631891763787329,0.5631891763787329,0.41643893960343703,0.4164295293411222,0.4164288236212671,0.4164295293411222,0.4164288236212671
Qwen/Qwen2.5-3B,L2_0007,40,2,1.018343,0.6453424347711288,0.6392570243409356,0.639258529356598,0.6453424347711288,0.37300056522887115,0.37908597565906443,0.379084470643402,0.37908597565906443,0.37300056522887115
Qwen/Qwen2.5-3B,L2_0008,40,2,1.002061,0.6000900886701157,0.6001028455219127,0.6001036974528988,0.6001036974528988,0.4019709113298844,0.40195815447808736,0.40195730254710127,0.40195815447808736,0.40195730254710127
Qwen/Qwen2.5-3B,L2_0009,40,2,1.13476,0.644508947091823,0.6384134721366164,0.6384150541114927,0.644508947091823,0.49025105290817694,0.4963465278633836,0.4963449458885073,0.4963465278633836,0.49025105290817694
Qwen/Qwen2.5-3B,L2_0010,40,2,1.024218,0.5574132606847518,0.5574234889397737,0.5574242263287484,0.5574242263287484,0.46680473931524824,0.4667945110602264,0.46679377367125163,0.4667945110602264,0.46679377367125163
Qwen/Qwen2.5-3B,L2_0011,40,2,1.183267,0.5949868879369302,0.5945997957750386,0.594600820969651,0.5949868879369302,0.5882801120630698,0.5886672042249614,0.5886661790303491,0.5886672042249614,0.5882801120630698
Qwen/Qwen2.5-3B,L2_0012,40,2,0.841976,0.6484837429277505,0.6421892563904806,0.6421906305085437,0.6484837429277505,0.19349225707224949,0.1997867436095193,0.1997853694914562,0.1997867436095193,0.19349225707224949
Qwen/Qwen2.5-3B,L2_0013,40,2,1.188088,0.5714923561474928,0.5715021348331494,0.5715028545599116,0.5715028545599116,0.6165956438525072,0.6165858651668507,0.6165851454400885,0.6165858651668507,0.6165851454400885
Qwen/Qwen2.5-3B,L2_0014,40,2,0.812544,0.02027674897298586,0.02027920804312403,0.020279372222234523,0.020279372222234523,0.7922672510270142,0.792264791956876,0.7922646277777655,0.792264791956876,0.7922646277777655
Qwen/Qwen2.5-3B,L2_0015,40,2,1.11025,0.8533562095703772,0.8474810925533067,0.8474845297946095,0.8533562095703772,0.2568937904296228,0.26276890744669323,0.26276547020539043,0.26276890744669323,0.2568937904296228
Qwen/Qwen2.5-3B,L2_0016,40,2,1.149856,0.6901576102707895,0.6901721160692311,0.6901730818391093,0.6901730818391093,0.4596983897292105,0.45968388393076887,0.4596829181608907,0.45968388393076887,0.4596829181608907
Qwen/Qwen2.5-3B,L2_0017,40,2,1.073191,0.4389200066051746,0.4384860333388954,0.4384864892735284,0.4389200066051746,0.6342709933948254,0.6347049666611047,0.6347045107264716,0.6347049666611047,0.6342709933948254
Qwen/Qwen2.5-3B,L2_0018,40,2,1.102445,0.5662011614838829,0.5662116026759773,0.5662123753943026,0.5662123753943026,0.536243838516117,0.5362333973240226,0.5362326246056973,0.5362333973240226,0.5362326246056973
Qwen/Qwen2.5-3B,L2_0019,40,2,0.768834,0.02160348085286405,0.021605982783395223,0.02160614992836287,0.02160614992836287,0.747230519147136,0.7472280172166048,0.7472278500716372,0.7472280172166048,0.7472278500716372
Qwen/Qwen2.5-3B,L2_0020,40,2,0.749863,0.0227797168953246,0.02278218061344422,0.02278234510369005,0.02278234510369005,0.7270832831046753,0.7270808193865558,0.7270806548963099,0.7270808193865558,0.7270806548963099
Qwen/Qwen2.5-3B,L2_0021,40,2,0.844029,0.5909351057220732,0.5909482500600642,0.5909491251808352,0.5909491251808352,0.25309389427792683,0.2530807499399358,0.25307987481916483,0.2530807499399358,0.25307987481916483
Qwen/Qwen2.5-3B,L2_0022,40,2,1.081794,0.556165704478446,0.5561748855625002,0.5561755557468671,0.5561755557468671,0.5256282955215539,0.5256191144374998,0.5256184442531329,0.5256191144374998,0.5256184442531329
Qwen/Qwen2.5-3B,L2_0023,40,2,0.978131,0.7216967063575594,0.7217134206608651,0.7217145973820375,0.7217145973820375,0.2564342936424405,0.2564175793391349,0.2564164026179625,0.2564175793391349,0.2564164026179625
Qwen/Qwen2.5-3B,L2_0024,40,2,0.791986,0.03325862621596675,0.03326127909117213,0.03326145666947867,0.03326145666947867,0.7587273737840332,0.7587247209088278,0.7587245433305213,0.7587247209088278,0.7587245433305213
Qwen/Qwen2.5-3B,L2_0025,40,2,1.348991,0.7308383518427982,0.7306213703941817,0.7306226825969436,0.7308383518427982,0.6181526481572018,0.6183696296058183,0.6183683174030564,0.6183696296058183,0.6181526481572018
Qwen/Qwen2.5-3B,L2_0026,40,2,1.012776,0.648757193301699,0.6481844478485534,0.6481857784218016,0.648757193301699,0.3640188066983009,0.36459155215144645,0.3645902215781983,0.36459155215144645,0.3640188066983009
Qwen/Qwen2.5-3B,L2_0027,40,2,1.283667,0.5920570196317443,0.5920743507547076,0.5920755046366603,0.5920755046366603,0.6916099803682556,0.6915926492452923,0.6915914953633396,0.6915926492452923,0.6915914953633396
Qwen/Qwen2.5-3B,L2_0028,40,2,1.010553,0.7643541995770156,0.7643772471566436,0.7643787434721909,0.7643787434721909,0.24619880042298448,0.24617575284335647,0.2461742565278091,0.24617575284335647,0.2461742565278091
Qwen/Qwen2.5-3B,L2_0029,40,2,0.991166,0.5638962019066408,0.5639069706434237,0.5639077412415692,0.5639077412415692,0.4272697980933592,0.42725902935657634,0.4272582587584308,0.42725902935657634,0.4272582587584308
Qwen/Qwen2.5-3B,L2_0030,40,2,0.927345,0.7769620438985971,0.772259844743582,0.772232810858172,0.7769620438985971,0.15038295610140284,0.15508515525641797,0.155112189141828,0.15508515525641797,0.15038295610140284
Qwen/Qwen2.5-3B,L2_0031,40,2,1.141853,0.8257134012434894,0.8157931016436573,0.8157958795973856,0.8257134012434894,0.31613959875651065,0.32605989835634275,0.32605712040261436,0.32605989835634275,0.31613959875651065
Qwen/Qwen2.5-3B,L2_0032,40,2,1.035207,0.5731457887939115,0.5527235009026674,0.5527258691595381,0.5731457887939115,0.46206121120608845,0.48248349909733257,0.48248113084046185,0.48248349909733257,0.46206121120608845
Qwen/Qwen2.5-3B,L2_0033,40,2,1.066254,0.4319788313290278,0.43198518007025105,0.4319856035167264,0.4319856035167264,0.6342751686709722,0.634268819929749,0.6342683964832736,0.634268819929749,0.6342683964832736
Qwen/Qwen2.5-3B,L2_0034,40,2,1.055436,0.5374972575745156,0.5252981769695793,0.5253005544287481,0.5374972575745156,0.5179387424254844,0.5301378230304208,0.5301354455712519,0.5301378230304208,0.5179387424254844
Qwen/Qwen2.5-3B,L2_0035,40,2,1.161758,0.4319788313290278,0.43198518007025105,0.4319856035167264,0.4319856035167264,0.7297791686709723,0.7297728199297491,0.7297723964832736,0.7297728199297491,0.7297723964832736
Qwen/Qwen2.5-3B,L2_0036,40,2,0.837152,0.0227797168953246,0.02278218061344422,0.02278234510369005,0.02278234510369005,0.8143722831046754,0.8143698193865558,0.81436965489631,0.8143698193865558,0.81436965489631
Qwen/Qwen2.5-3B,L2_0037,40,2,1.100222,0.7255656364052728,0.7250125107786374,0.7250144145956909,0.7255656364052728,0.3746563635947272,0.37520948922136266,0.3752075854043091,0.37520948922136266,0.3746563635947272
Qwen/Qwen2.5-3B,L2_0038,40,2,0.887485,0.6713760928180966,0.665493780922288,0.665495154771596,0.6713760928180966,0.21610890718190334,0.22199121907771202,0.22198984522840393,0.22199121907771202,0.21610890718190334
Qwen/Qwen2.5-3B,L2_0039,40,2,1.182666,0.5652250647109868,0.5647895247473196,0.5647901596999901,0.5652250647109868,0.6174409352890132,0.6178764752526804,0.6178758403000099,0.6178764752526804,0.6174409352890132
Qwen/Qwen2.5-3B,L2_0040,40,2,1.137545,0.8187236322840407,0.8088821023695719,0.8088841708062934,0.8187236322840407,0.31882136771595937,0.3286628976304281,0.32866082919370665,0.3286628976304281,0.31882136771595937
Qwen/Qwen2.5-3B,L2_0041,40,2,1.156079,0.7050375990559045,0.705059984246889,0.7050615511054588,0.7050615511054588,0.4510414009440956,0.4510190157531111,0.4510174488945413,0.4510190157531111,0.4510174488945413
Qwen/Qwen2.5-3B,L2_0042,40,2,1.048778,0.6547298769236681,0.6548963298910704,0.65502892141601,0.65502892141601,0.39404812307633186,0.3938816701089296,0.39374907858399,0.3938816701089296,0.39374907858399
Qwen/Qwen2.5-3B,L2_0043,40,2,0.263879,0.030352047432585853,0.03035456594151783,0.03035473419698234,0.03035473419698234,0.23352695256741413,0.23352443405848214,0.23352426580301763,0.23352443405848214,0.23352426580301763
Qwen/Qwen2.5-3B,L2_0044,40,2,0.989689,0.5940292668248963,0.5940412292304333,0.5940420261919875,0.5940420261919875,0.3956597331751037,0.3956477707695667,0.3956469738080125,0.3956477707695667,0.3956469738080125
Qwen/Qwen2.5-3B,L2_0045,40,2,1.168999,0.4371375766067789,0.4371441665617249,0.4371446066356493,0.4371446066356493,0.731861423393221,0.7318548334382751,0.7318543933643507,0.7318548334382751,0.7318543933643507
Qwen/Qwen2.5-3B,L2_0046,40,2,1.058465,0.7631505911089924,0.7631729978531689,0.7631744664774256,0.7631744664774256,0.2953144088910076,0.29529200214683105,0.2952905335225744,0.29529200214683105,0.2952905335225744
Qwen/Qwen2.5-3B,L2_0047,40,2,1.247617,0.8097635021399067,0.8097943845018801,0.8097961636767183,0.8097961636767183,0.4378534978600933,0.43782261549811985,0.4378208363232817,0.43782261549811985,0.4378208363232817
Qwen/Qwen2.5-3B,L2_0048,40,2,1.075564,0.7169784690855928,0.7170036919311591,0.7170049254882084,0.7170049254882084,0.35858553091440715,0.35856030806884087,0.3585590745117916,0.35856030806884087,0.3585590745117916
Qwen/Qwen2.5-3B,L2_0049,40,2,1.408228,0.6901517566312151,0.6901662536736936,0.6901672188591885,0.6901672188591885,0.718076243368785,0.7180617463263065,0.7180607811408115,0.7180617463263065,0.7180607811408115
Qwen/Qwen2.5-3B,L2_0050,40,2,0.673456,0.5934178368458543,0.5720078770957445,0.5720088503549104,0.5934178368458543,0.0800381631541458,0.10144812290425553,0.10144714964508961,0.10144812290425553,0.0800381631541458
Qwen/Qwen2.5-3B,L2_0051,40,2,1.133677,0.6457293177457634,0.645177631570091,0.6451788947316007,0.6457293177457634,0.4879476822542367,0.48849936842990904,0.4884981052683993,0.48849936842990904,0.4879476822542367
Qwen/Qwen2.5-3B,L2_0052,40,2,1.003674,0.7669781085258172,0.7670018540892981,0.76700322313199,0.76700322313199,0.2366958914741828,0.23667214591070185,0.23667077686800997,0.23667214591070185,0.23667077686800997
Qwen/Qwen2.5-3B,L2_0053,40,2,1.047214,0.7503466321063051,0.7385771566253684,0.7385789768861819,0.7503466321063051,0.29686736789369494,0.3086368433746317,0.3086350231138182,0.3086368433746317,0.29686736789369494
Qwen/Qwen2.5-3B,L2_0054,40,2,0.219785,0.0227797168953246,0.02278218061344422,0.02278234510369005,0.02278234510369005,0.1970052831046754,0.19700281938655578,0.19700265489630997,0.19700281938655578,0.19700265489630997
Qwen/Qwen2.5-3B,L2_0055,40,2,0.274837,0.03817911784785252,0.03818173639088817,0.03818191155686369,0.03818191155686369,0.23665788215214748,0.23665526360911182,0.23665508844313632,0.23665526360911182,0.23665508844313632
Qwen/Qwen2.5-3B,L2_0056,40,2,0.907252,0.047860337657995494,0.04768638553118616,0.04768658560639934,0.047860337657995494,0.8593916623420045,0.8595656144688137,0.8595654143936006,0.8595656144688137,0.8593916623420045
Qwen/Qwen2.5-3B,L2_0057,40,2,0.877299,0.02016478917779271,0.020167208691376406,0.020167370131106116,0.020167370131106116,0.8571342108222073,0.8571317913086236,0.8571316298688939,0.8571317913086236,0.8571316298688939
Qwen/Qwen2.5-3B,L2_0058,40,2,1.098765,0.7007588271501252,0.6958106342616317,0.6958122776108674,0.7007588271501252,0.39800617284987483,0.4029543657383683,0.4029527223891326,0.4029543657383683,0.39800617284987483
Qwen/Qwen2.5-3B,L2_0059,40,2,1.167523,0.6012453783307544,0.6012637599984361,0.6012649866641175,0.6012649866641175,0.5662776216692457,0.566259240001564,0.5662580133358825,0.566259240001564,0.5662580133358825
Qwen/Qwen2.5-3B,L2_0060,40,2,1.104455,0.5934178368458543,0.5720078770957445,0.5720088503549104,0.5934178368458543,0.5110371631541457,0.5324471229042554,0.5324461496450895,0.5324471229042554,0.5110371631541457
Qwen/Qwen2.5-3B,L2_0061,40,2,1.090829,0.6440737944717708,0.6381252686130855,0.6381267218296544,0.6440737944717708,0.4467552055282292,0.45270373138691455,0.4527022781703457,0.45270373138691455,0.4467552055282292
Qwen/Qwen2.5-3B,L2_0062,40,2,1.197169,0.4285088015909607,0.42851507534011984,0.4285154936105082,0.4285154936105082,0.7686601984090392,0.76865392465988,0.7686535063894917,0.76865392465988,0.7686535063894917
Qwen/Qwen2.5-3B,L2_0063,40,2,1.110543,0.81033384318035,0.7979698134681048,0.7979726372849839,0.81033384318035,0.3002091568196501,0.31257318653189525,0.31257036271501615,0.31257318653189525,0.3002091568196501
Qwen/Qwen2.5-3B,L2_0064,40,2,1.080387,0.8458249099529728,0.8458578687551506,0.8458598458766795,0.8458598458766795,0.23456209004702722,0.23452913124484942,0.23452715412332048,0.23452913124484942,0.23452715412332048
Qwen/Qwen2.5-3B,L2_0065,40,2,1.290734,0.804693621435324,0.8047229966595377,0.8047251297248081,0.8047251297248081,0.4860403785646761,0.4860110033404623,0.4860088702751919,0.4860110033404623,0.4860088702751919
Qwen/Qwen2.5-3B,L2_0066,40,2,1.247668,0.7191765563115589,0.7192017692184156,0.7192030441610077,0.7192030441610077,0.5284914436884411,0.5284662307815844,0.5284649558389923,0.5284662307815844,0.5284649558389923
Qwen/Qwen2.5-3B,L2_0067,40,2,0.968988,0.7844559042339541,0.7844911654173292,0.7844931992890187,0.7844931992890187,0.1845320957660459,0.18449683458267074,0.18449480071098123,0.18449683458267074,0.18449480071098123
Qwen/Qwen2.5-3B,L2_0068,40,2,0.700238,0.5706099937969998,0.5504165028390008,0.5504182209455603,0.5706099937969998,0.1296280062030002,0.14982149716099924,0.14981977905443977,0.14982149716099924,0.1296280062030002
Qwen/Qwen2.5-3B,L2_0069,40,2,1.111404,0.7417636579420603,0.7370753534412922,0.737138658668818,0.7417636579420603,0.3696403420579397,0.3743286465587079,0.37426534133118206,0.3743286465587079,0.3696403420579397
Qwen/Qwen2.5-3B,L2_0070,40,2,1.225208,0.8286338876387624,0.8246597944213896,0.8246621709417385,0.8286338876387624,0.39657411236123763,0.4005482055786105,0.4005458290582615,0.4005482055786105,0.39657411236123763
Qwen/Qwen2.5-3B,L2_0071,40,2,0.993333,0.7150991357536843,0.7151301189744014,0.715131505698744,0.715131505698744,0.2782338642463157,0.27820288102559865,0.27820149430125607,0.27820288102559865,0.27820149430125607
Qwen/Qwen2.5-3B,L2_0072,40,2,0.711462,0.5852455526184741,0.5852607665718094,0.5852616220373738,0.5852616220373738,0.12621644738152593,0.12620123342819067,0.1262003779626263,0.12620123342819067,0.1262003779626263
Qwen/Qwen2.5-3B,L2_0073,40,2,1.326348,0.7214623137864341,0.721480080061645,0.7214814647073655,0.7214814647073655,0.604885686213566,0.6048679199383551,0.6048665352926346,0.6048679199383551,0.6048665352926346
Qwen/Qwen2.5-3B,L2_0074,40,2,1.028402,0.7065867932035174,0.6945000458081109,0.6945024475777626,0.7065867932035174,0.3218152067964827,0.33390195419188917,0.33389955242223746,0.33390195419188917,0.3218152067964827
Qwen/Qwen2.5-3B,L3_0000,50,3,1.070445,0.4301158429697358,0.4301221116172796,0.43012252954670394,0.43012252954670394,0.6403291570302643,0.6403228883827206,0.6403224704532962,0.6403228883827206,0.6403224704532962
Qwen/Qwen2.5-3B,L3_0001,50,3,1.010079,0.5706099937969998,0.5504165028390008,0.5504182209455603,0.5706099937969998,0.4394690062030001,0.45966249716099916,0.4596607790544397,0.45966249716099916,0.4394690062030001
Qwen/Qwen2.5-3B,L3_0002,50,3,0.935603,0.04474327188361636,0.044745993587598586,0.04474617590097263,0.04474617590097263,0.8908597281163836,0.8908570064124014,0.8908568240990273,0.8908570064124014,0.8908568240990273
Qwen/Qwen2.5-3B,L3_0003,50,3,0.958234,0.6026450903142165,0.6026584599601545,0.6026593544134076,0.6026593544134076,0.3555889096857835,0.3555755400398455,0.35557464558659246,0.3555755400398455,0.35557464558659246
Qwen/Qwen2.5-3B,L3_0004,50,3,0.62472,0.5477962015110627,0.5306252317635368,0.5306263688428133,0.5477962015110627,0.07692379848893738,0.09409476823646323,0.09409363115718672,0.09409476823646323,0.07692379848893738
Qwen/Qwen2.5-3B,L3_0005,50,3,1.083415,0.8098589604273358,0.8055800066714798,0.8052076131552992,0.8098589604273358,0.27355603957266417,0.27783499332852024,0.2782073868447008,0.27783499332852024,0.27355603957266417
Qwen/Qwen2.5-3B,L3_0006,50,3,0.93825,0.5574132606847518,0.5574234889397737,0.5574242263287484,0.5574242263287484,0.3808367393152482,0.38082651106022636,0.3808257736712516,0.38082651106022636,0.3808257736712516
Qwen/Qwen2.5-3B,L3_0007,50,3,0.90992,0.03845314249761365,0.03845585126048172,0.03845603270452682,0.03845603270452682,0.8714668575023863,0.8714641487395183,0.8714639672954732,0.8714641487395183,0.8714639672954732
Qwen/Qwen2.5-3B,L3_0008,50,3,1.065623,0.8514758342754383,0.8460293739774801,0.8460327381807456,0.8514758342754383,0.21414716572456172,0.21959362602251986,0.21959026181925434,0.21959362602251986,0.21414716572456172
Qwen/Qwen2.5-3B,L3_0009,50,3,0.825045,0.024108853606803107,0.02411136027449907,0.024111527736784093,0.024111527736784093,0.8009361463931969,0.8009336397255009,0.800933472263216,0.8009336397255009,0.800933472263216
Qwen/Qwen2.5-3B,L3_0010,50,3,0.986213,0.6917367642704023,0.6917618372630023,0.6917633900569142,0.6917633900569142,0.2944762357295977,0.2944511627369977,0.2944496099430858,0.2944511627369977,0.2944496099430858
Qwen/Qwen2.5-3B,L3_0011,50,3,0.989932,0.7412218914901847,0.721367892892658,0.7213697225678136,0.7412218914901847,0.24871010850981534,0.268564107107342,0.2685622774321864,0.268564107107342,0.24871010850981534
Qwen/Qwen2.5-3B,L3_0012,50,3,1.17872,0.4294522956933991,0.42945863605318707,0.4294590589387156,0.4294590589387156,0.749267704306601,0.7492613639468129,0.7492609410612844,0.7492613639468129,0.7492609410612844
Qwen/Qwen2.5-3B,L3_0013,50,3,1.263298,0.6487980158593791,0.648814958264664,0.6488161058366146,0.6488161058366146,0.6144999841406209,0.6144830417353361,0.6144818941633854,0.6144830417353361,0.6144818941633854
Qwen/Qwen2.5-3B,L3_0014,50,3,0.922642,0.7050375990559045,0.705059984246889,0.7050615511054588,0.7050615511054588,0.2176044009440955,0.21758201575311098,0.2175804488945412,0.21758201575311098,0.2175804488945412
Qwen/Qwen2.5-3B,L3_0015,50,3,1.077983,0.6402355952126098,0.6391000778517706,0.6385585957741182,0.6402355952126098,0.43774740478739016,0.4388829221482293,0.4394244042258817,0.4388829221482293,0.43774740478739016
Qwen/Qwen2.5-3B,L3_0016,50,3,0.87923,0.6605666402237983,0.6534908847391929,0.6534924918376231,0.6605666402237983,0.21866335977620166,0.22573911526080703,0.2257375081623768,0.22573911526080703,0.21866335977620166
Qwen/Qwen2.5-3B,L3_0017,50,3,1.063117,0.6055844468883976,0.605192896409938,0.6051938757811044,0.6055844468883976,0.45753255311160246,0.4579241035900621,0.4579231242188957,0.4579241035900621,0.45753255311160246
Qwen/Qwen2.5-3B,L3_0018,50,3,1.040307,0.7646257300788988,0.7646498334248318,0.7646513539137213,0.7646513539137213,0.2756812699211013,0.27565716657516826,0.2756556460862788,0.27565716657516826,0.2756556460862788
Qwen/Qwen2.5-3B,L3_0019,50,3,1.038462,0.6029066186059336,0.6021416849221141,0.6021429904947243,0.6029066186059336,0.43555538139406635,0.43632031507788593,0.4363190095052757,0.43632031507788593,0.43555538139406635
Qwen/Qwen2.5-3B,L3_0020,50,3,0.939078,0.7249202921233759,0.7249422172576822,0.7249435538846591,0.7249435538846591,0.21415770787662403,0.21413578274231782,0.21413444611534083,0.21413578274231782,0.21413444611534083
Qwen/Qwen2.5-3B,L3_0021,50,3,1.234024,0.5992937367445168,0.5988962177262275,0.5988970655557503,0.5992937367445168,0.6347302632554832,0.6351277822737725,0.6351269344442497,0.6351277822737725,0.6347302632554832
Qwen/Qwen2.5-3B,L3_0022,50,3,1.083027,0.7418789917355854,0.7378513854876206,0.7378536469244034,0.7418789917355854,0.3411480082644146,0.3451756145123793,0.3451733530755966,0.3451756145123793,0.3411480082644146
Qwen/Qwen2.5-3B,L3_0023,50,3,0.947259,0.8061259903798232,0.7949539603817875,0.7949560493161212,0.8061259903798232,0.14113300962017672,0.1523050396182125,0.15230295068387878,0.1523050396182125,0.14113300962017672
Qwen/Qwen2.5-3B,L3_0024,50,3,1.217353,0.8724732798523861,0.864815792825188,0.8648189436656359,0.8724732798523861,0.3448797201476138,0.35253720717481196,0.35253405633436397,0.35253720717481196,0.3448797201476138
Qwen/Qwen2.5-3B,L3_0025,50,3,0.807345,0.03845314249761365,0.03845585126048172,0.03845603270452682,0.03845603270452682,0.7688918575023863,0.7688891487395183,0.7688889672954732,0.7688891487395183,0.7688889672954732
Qwen/Qwen2.5-3B,L3_0026,50,3,1.334555,0.7816260300737862,0.7768838249950876,0.7768857853413624,0.7816260300737862,0.5529289699262138,0.5576711750049124,0.5576692146586375,0.5576711750049124,0.5529289699262138
Qwen/Qwen2.5-3B,L3_0027,50,3,1.099952,0.6932516080287356,0.6932663908891421,0.6932673755978318,0.6932673755978318,0.4067003919712644,0.40668560911085794,0.40668462440216824,0.40668560911085794,0.40668462440216824
Qwen/Qwen2.5-3B,L3_0028,50,3,1.099955,0.7419827219290659,0.7221418604138654,0.7221438799391333,0.7419827219290659,0.3579722780709341,0.3778131395861346,0.3778111200608667,0.3778131395861346,0.3579722780709341
Qwen/Qwen2.5-3B,L3_0029,50,3,0.962089,0.6948153617589066,0.6948428933335028,0.6948442361199869,0.6948442361199869,0.2672736382410934,0.2672461066664972,0.26724476388001306,0.2672461066664972,0.26724476388001306
Qwen/Qwen2.5-3B,L3_0030,50,3,0.91264,0.7833035801204509,0.7648611679833895,0.7648630036094184,0.7833035801204509,0.12933641987954914,0.14777883201661046,0.14777699639058162,0.14777883201661046,0.12933641987954914
Qwen/Qwen2.5-3B,L3_0031,50,3,1.205481,0.6180452059021418,0.6169976019783584,0.6169991102795511,0.6180452059021418,0.5874357940978582,0.5884833980216416,0.5884818897204489,0.5884833980216416,0.5874357940978582
Qwen/Qwen2.5-3B,L3_0032,50,3,0.759257,0.029920504344373655,0.029923106563902,0.029923280634887216,0.029923280634887216,0.7293364956556263,0.729333893436098,0.7293337193651127,0.729333893436098,0.7293337193651127
Qwen/Qwen2.5-3B,L3_0033,50,3,1.222506,0.7635579346233429,0.763582938563729,0.7635850204848161,0.7635850204848161,0.4589480653766572,0.45892306143627104,0.45892097951518396,0.45892306143627104,0.45892097951518396
Qwen/Qwen2.5-3B,L3_0034,50,3,1.041618,0.5583458302314682,0.5583569622871718,0.5583575949492239,0.5583575949492239,0.4832721697685317,0.48326103771282813,0.48326040505077605,0.48326103771282813,0.48326040505077605
Qwen/Qwen2.5-3B,L3_0035,50,3,0.794798,0.019667589208854527,0.019670087476109318,0.01967025437567524,0.01967025437567524,0.7751304107911455,0.7751279125238907,0.7751277456243247,0.7751279125238907,0.7751277456243247
Qwen/Qwen2.5-3B,L3_0036,50,3,0.953727,0.7232027749869694,0.7232201877356925,0.7232213894608216,0.7232213894608216,0.2305242250130306,0.23050681226430747,0.2305056105391784,0.23050681226430747,0.2305056105391784
Qwen/Qwen2.5-3B,L3_0037,50,3,0.716094,0.5846899337508463,0.5847028551289197,0.5847045481837584,0.5847045481837584,0.13140406624915368,0.13139114487108028,0.13138945181624162,0.13139114487108028,0.13138945181624162
Qwen/Qwen2.5-3B,L3_0038,50,3,0.925801,0.017685669410862474,0.01768808441030541,0.017688245548064793,0.017688245548064793,0.9081153305891375,0.9081129155896945,0.9081127544519352,0.9081129155896945,0.9081127544519352
Qwen/Qwen2.5-3B,L3_0039,50,3,0.937375,0.7532667704569236,0.7453123512976567,0.7453150255794309,0.7532667704569236,0.18410822954307637,0.19206264870234324,0.1920599744205691,0.19206264870234324,0.18410822954307637
Qwen/Qwen2.5-3B,L3_0040,50,3,0.94904,0.5636289133977946,0.5586649677460743,0.5584014169654159,0.5636289133977946,0.38541108660220535,0.39037503225392567,0.3906385830345841,0.39037503225392567,0.38541108660220535
Qwen/Qwen2.5-3B,L3_0041,50,3,0.959991,0.7720007337376269,0.7613862259880061,0.761388449425873,0.7720007337376269,0.18799026626237314,0.19860477401199395,0.198602550574127,0.19860477401199395,0.18799026626237314
Qwen/Qwen2.5-3B,L3_0042,50,3,1.275535,0.7740233455356941,0.7637123983065659,0.7637145372327384,0.7740233455356941,0.501511654464306,0.5118226016934342,0.5118204627672617,0.5118226016934342,0.501511654464306
Qwen/Qwen2.5-3B,L3_0043,50,3,1.039862,0.4336056780688483,0.43361202259252735,0.4336124457585726,0.4336124457585726,0.6062563219311518,0.6062499774074728,0.6062495542414275,0.6062499774074728,0.6062495542414275
Qwen/Qwen2.5-3B,L3_0044,50,3,0.667804,0.5922603204001213,0.5707781240223389,0.5707791356060219,0.5922603204001213,0.07554367959987862,0.0970258759776611,0.09702486439397806,0.0970258759776611,0.07554367959987862
Qwen/Qwen2.5-3B,L3_0045,50,3,0.953214,0.6918344705583442,0.69185701476678,0.6918585688861117,0.6918585688861117,0.26137952944165577,0.26135698523322004,0.26135543111388826,0.26135698523322004,0.26135543111388826
Qwen/Qwen2.5-3B,L3_0046,50,3,1.16261,0.6448035643212972,0.644822461165197,0.6448235312039016,0.6448235312039016,0.5178064356787028,0.5177875388348029,0.5177864687960984,0.5177875388348029,0.5177864687960984
Qwen/Qwen2.5-3B,L3_0047,50,3,0.801143,0.5925898350658809,0.5926016908395764,0.5926024804294083,0.5926024804294083,0.20855316493411913,0.20854130916042368,0.20854051957059172,0.20854130916042368,0.20854051957059172
Qwen/Qwen2.5-3B,L3_0048,50,3,1.053823,0.27542317651799086,0.2757489219031634,0.27576506101404463,0.27576506101404463,0.7783998234820091,0.7780740780968365,0.7780579389859553,0.7780740780968365,0.7780579389859553
Qwen/Qwen2.5-3B,L3_0049,50,3,0.967782,0.5846899337508463,0.5847028551289197,0.5847045481837584,0.5847045481837584,0.3830920662491537,0.3830791448710803,0.38307745181624164,0.3830791448710803,0.38307745181624164
Qwen/Qwen2.5-3B,L3_0050,50,3,1.08315,0.6505033618138012,0.6444992866076226,0.644501003738409,0.6505033618138012,0.43264663818619886,0.4386507133923775,0.43864899626159104,0.4386507133923775,0.43264663818619886
Qwen/Qwen2.5-3B,L3_0051,50,3,0.729833,0.02674160365444617,0.026744156930739615,0.02674432761600261,0.02674432761600261,0.7030913963455537,0.7030888430692603,0.7030886723839973,0.7030888430692603,0.7030886723839973
Qwen/Qwen2.5-3B,L3_0052,50,3,1.172989,0.8446537465020637,0.8427806632244197,0.8427883834665789,0.8446537465020637,0.32833525349793635,0.33020833677558037,0.33020061653342114,0.33020833677558037,0.32833525349793635
Qwen/Qwen2.5-3B,L3_0053,50,3,1.013948,0.7643504024301477,0.7643737982975438,0.7643753185783453,0.7643753185783453,0.24959759756985234,0.24957420170245626,0.24957268142165479,0.24957420170245626,0.24957268142165479
Qwen/Qwen2.5-3B,L3_0054,50,3,1.016908,0.5656319598515702,0.5656427337771543,0.5656434989734377,0.5656434989734377,0.4512760401484297,0.4512652662228456,0.45126450102656224,0.4512652662228456,0.45126450102656224
Qwen/Qwen2.5-3B,L3_0055,50,3,0.959981,0.7316628725953549,0.7316271230910885,0.7316284113309649,0.7316628725953549,0.22831812740464508,0.2283538769089115,0.22835258866903507,0.2283538769089115,0.22831812740464508
Qwen/Qwen2.5-3B,L3_0056,50,3,1.198944,0.43193801842200474,0.43194438697830956,0.4319448117472449,0.4319448117472449,0.7670059815779953,0.7669996130216905,0.7669991882527551,0.7669996130216905,0.7669991882527551
Qwen/Qwen2.5-3B,L3_0057,50,3,0.970971,0.7829734005398282,0.7830034738151155,0.7830055100029998,0.7830055100029998,0.1879975994601718,0.18796752618488455,0.18796548999700025,0.18796752618488455,0.18796548999700025
Qwen/Qwen2.5-3B,L3_0058,50,3,0.922652,0.8361886142010506,0.8204840334960886,0.8204863715026122,0.8361886142010506,0.08646338579894941,0.10216796650391147,0.10216562849738786,0.10216796650391147,0.08646338579894941
Qwen/Qwen2.5-3B,L3_0059,50,3,0.828602,0.04582162392910814,0.04546212261225735,0.045462318680764356,0.04582162392910814,0.7827803760708918,0.7831398773877426,0.7831396813192356,0.7831398773877426,0.7827803760708918
Qwen/Qwen2.5-3B,L3_0060,50,3,0.99219,0.7627668935356665,0.7627888911528576,0.762790344305005,0.762790344305005,0.2294231064643335,0.22940110884714238,0.22939965569499499,0.22940110884714238,0.22939965569499499
Qwen/Qwen2.5-3B,L3_0061,50,3,0.76391,0.028024959809636218,0.02802751556807378,0.028027686419727055,0.028027686419727055,0.7358850401903637,0.7358824844319262,0.7358823135802729,0.7358824844319262,0.7358823135802729
Qwen/Qwen2.5-3B,L3_0062,50,3,1.150705,0.7511498174908543,0.7439025653025175,0.7434339874206211,0.7511498174908543,0.3995551825091458,0.40680243469748256,0.40727101257937903,0.40680243469748256,0.3995551825091458
Qwen/Qwen2.5-3B,L3_0063,50,3,1.17079,0.6007088023349622,0.6002848303665512,0.6002857884399444,0.6007088023349622,0.5700811976650378,0.5705051696334488,0.5705042115600556,0.5705051696334488,0.5700811976650378
Qwen/Qwen2.5-3B,L3_0064,50,3,1.381099,0.7669781085258172,0.7670018540892981,0.76700322313199,0.76700322313199,0.6141208914741829,0.614097145910702,0.6140957768680101,0.614097145910702,0.6140957768680101
Qwen/Qwen2.5-3B,L3_0065,50,3,1.100281,0.5344733396265178,0.5215638314940605,0.5215650500676103,0.5344733396265178,0.5658076603734823,0.5787171685059396,0.5787159499323897,0.5787171685059396,0.5658076603734823
Qwen/Qwen2.5-3B,L3_0066,50,3,1.195517,0.7587466197683002,0.7587739893710018,0.75877563182598,0.75877563182598,0.4367703802316998,0.4367430106289981,0.43674136817402,0.4367430106289981,0.43674136817402
Qwen/Qwen2.5-3B,L3_0067,50,3,0.994364,0.7930209745646012,0.7745123819582127,0.7744598736401815,0.7930209745646012,0.20134302543539884,0.21985161804178732,0.21990412635981849,0.21985161804178732,0.20134302543539884
Qwen/Qwen2.5-3B,L3_0068,50,3,1.019759,0.5747156218559124,0.5747256523101089,0.574726397875644,0.574726397875644,0.4450433781440877,0.4450333476898912,0.44503260212435614,0.4450333476898912,0.44503260212435614
Qwen/Qwen2.5-3B,L3_0069,50,3,0.758217,0.024108853606803107,0.02411136027449907,0.024111527736784093,0.024111527736784093,0.7341081463931969,0.7341056397255009,0.734105472263216,0.7341056397255009,0.734105472263216
Qwen/Qwen2.5-3B,L3_0070,50,3,0.963056,0.8530774807734798,0.84305840498139,0.8430612209855916,0.8530774807734798,0.10997851922652024,0.11999759501861007,0.11999477901440847,0.11999759501861007,0.10997851922652024
Qwen/Qwen2.5-3B,L3_0071,50,3,1.068546,0.738451499098898,0.7389577134626184,0.7384491201404403,0.7389577134626184,0.33009450090110204,0.3295882865373816,0.3300968798595597,0.3295882865373816,0.3295882865373816
Qwen/Qwen2.5-3B,L3_0072,50,3,0.248448,0.03302627183784999,0.03302883727212604,0.03302900877235762,0.03302900877235762,0.21542172816215002,0.21541916272787395,0.21541899122764238,0.21541916272787395,0.21541899122764238
Qwen/Qwen2.5-3B,L3_0073,50,3,1.312571,0.6870242409643407,0.674310433387877,0.6743131925534351,0.6870242409643407,0.6255467590356593,0.6382605666121229,0.6382578074465648,0.6382605666121229,0.6255467590356593
Qwen/Qwen2.5-3B,L3_0074,50,3,1.138845,0.10647769393883012,0.10648160988817047,0.10648187602177148,0.10648187602177148,1.03236730606117,1.0323633901118296,1.0323631239782287,1.0323633901118296,1.0323631239782287
Qwen/Qwen2.5-3B,L4_0000,60,4,0.93719,0.7586511838488648,0.7459631501182621,0.7459651293959184,0.7586511838488648,0.1785388161511352,0.19122684988173788,0.19122487060408155,0.19122684988173788,0.1785388161511352
Qwen/Qwen2.5-3B,L4_0001,60,4,0.862555,0.05240865661525192,0.052411590836169614,0.05241178795151533,0.05241178795151533,0.810146343384748,0.8101434091638303,0.8101432120484846,0.8101434091638303,0.8101432120484846
Qwen/Qwen2.5-3B,L4_0002,60,4,0.830208,0.0227797168953246,0.02278218061344422,0.02278234510369005,0.02278234510369005,0.8074282831046753,0.8074258193865558,0.8074256548963099,0.8074258193865558,0.8074256548963099
Qwen/Qwen2.5-3B,L4_0003,60,4,0.775273,0.03189997074820839,0.03190257688353642,0.03190275121722177,0.03190275121722177,0.7433730292517916,0.7433704231164636,0.7433702487827782,0.7433704231164636,0.7433702487827782
Qwen/Qwen2.5-3B,L4_0004,60,4,0.981557,0.7054504316639065,0.7045642542592548,0.7045659272595068,0.7054504316639065,0.2761065683360935,0.27699274574074517,0.27699107274049317,0.27699274574074517,0.2761065683360935
Qwen/Qwen2.5-3B,L4_0005,60,4,0.984079,0.7655926005179502,0.7529130905365166,0.752914708390039,0.7655926005179502,0.21848639948204984,0.23116590946348348,0.231164291609961,0.23116590946348348,0.21848639948204984
Qwen/Qwen2.5-3B,L4_0006,60,4,0.971967,0.5748138642585034,0.5743496832532752,0.5743503975505938,0.5748138642585034,0.3971531357414966,0.39761731674672485,0.3976166024494062,0.39761731674672485,0.3971531357414966
Qwen/Qwen2.5-3B,L4_0007,60,4,1.018961,0.8063801701860241,0.8058759714122804,0.8058778572511496,0.8063801701860241,0.21258082981397586,0.2130850285877196,0.21308314274885043,0.2130850285877196,0.21258082981397586
Qwen/Qwen2.5-3B,L4_0008,60,4,0.858383,0.6912961759548333,0.6788665694611609,0.6788681933347358,0.6912961759548333,0.16708682404516673,0.17951643053883914,0.1795148066652642,0.17951643053883914,0.16708682404516673
Qwen/Qwen2.5-3B,L4_0009,60,4,1.039271,0.6982793348607337,0.6982949466524133,0.6982959885087717,0.6982959885087717,0.3409916651392664,0.34097605334758674,0.34097501149122833,0.34097605334758674,0.34097501149122833
Qwen/Qwen2.5-3B,L4_0010,60,4,0.226857,0.048840316529699744,0.048843093774315005,0.04884327993853693,0.04884327993853693,0.17801668347030025,0.178013906225685,0.17801372006146307,0.178013906225685,0.17801372006146307
Qwen/Qwen2.5-3B,L4_0011,60,4,1.013116,0.5985142284962572,0.5934838055173518,0.5931909595692921,0.5985142284962572,0.41460177150374267,0.4196321944826481,0.4199250404307078,0.4196321944826481,0.41460177150374267
Qwen/Qwen2.5-3B,L4_0012,60,4,1.078928,0.4352487480828973,0.43525523771293756,0.43525567089648726,0.43525567089648726,0.6436792519171028,0.6436727622870626,0.6436723291035129,0.6436727622870626,0.6436723291035129
Qwen/Qwen2.5-3B,L4_0013,60,4,0.751713,0.03735423664485051,0.03700263812276547,0.03700282595512507,0.03735423664485051,0.7143587633551495,0.7147103618772345,0.7147101740448749,0.7147103618772345,0.7143587633551495
Qwen/Qwen2.5-3B,L4_0014,60,4,1.298827,0.6963862146856867,0.6958907472128983,0.6958917875577267,0.6963862146856867,0.6024407853143132,0.6029362527871016,0.6029352124422732,0.6029362527871016,0.6024407853143132
Qwen/Qwen2.5-3B,L4_0015,60,4,1.016139,0.8577572857956802,0.8574490457000956,0.8574530256377456,0.8577572857956802,0.15838171420431968,0.1586899542999043,0.1586859743622543,0.1586899542999043,0.15838171420431968
Qwen/Qwen2.5-3B,L4_0016,60,4,1.070542,0.9271474262626128,0.9126444371973418,0.9126563053299662,0.9271474262626128,0.1433945737373873,0.15789756280265832,0.15788569467003388,0.15789756280265832,0.1433945737373873
Qwen/Qwen2.5-3B,L4_0017,60,4,1.029849,0.725317809919166,0.7253374988103464,0.725338710409043,0.725338710409043,0.30453119008083407,0.30451150118965364,0.30451028959095705,0.30451150118965364,0.30451028959095705
Qwen/Qwen2.5-3B,L4_0018,60,4,1.030203,0.7637105181282448,0.751355480422186,0.7513570179080276,0.7637105181282448,0.2664924818717552,0.27884751957781395,0.2788459820919724,0.27884751957781395,0.2664924818717552
Qwen/Qwen2.5-3B,L4_0019,60,4,1.084472,0.4419672948790378,0.44197401240473033,0.441974461362193,0.441974461362193,0.6425047051209622,0.6424979875952698,0.6424975386378071,0.6424979875952698,0.6424975386378071
Qwen/Qwen2.5-3B,L4_0020,60,4,0.949134,0.6742577310775624,0.6683914703622507,0.668396039081274,0.6742577310775624,0.27487626892243766,0.28074252963774937,0.28073796091872605,0.28074252963774937,0.27487626892243766
Qwen/Qwen2.5-3B,L4_0021,60,4,1.305908,0.7001946462584047,0.6969054691221932,0.6968286640555951,0.7001946462584047,0.6057133537415954,0.6090025308778069,0.609079335944405,0.6090025308778069,0.6057133537415954
Qwen/Qwen2.5-3B,L4_0022,60,4,1.113858,0.5637436850154895,0.5637534024336218,0.5637541097558959,0.5637541097558959,0.5501143149845105,0.5501045975663782,0.5501038902441041,0.5501045975663782,0.5501038902441041
Qwen/Qwen2.5-3B,L4_0023,60,4,1.159761,0.6127115246038044,0.611794363368692,0.6117957767065555,0.6127115246038044,0.5470494753961956,0.5479666366313081,0.5479652232934445,0.5479666366313081,0.5470494753961956
Qwen/Qwen2.5-3B,L4_0024,60,4,1.32489,0.6922344920322396,0.692249119430055,0.692250093465733,0.692250093465733,0.6326555079677603,0.6326408805699449,0.6326399065342669,0.6326408805699449,0.6326399065342669
Qwen/Qwen2.5-3B,L4_0025,60,4,0.996479,0.8768336777377311,0.8681736122434842,0.8681771029330109,0.8768336777377311,0.11964532226226887,0.1283053877565158,0.12830189706698913,0.1283053877565158,0.11964532226226887
Qwen/Qwen2.5-3B,L4_0026,60,4,1.031594,0.6445910586389432,0.6446098426301365,0.6446109134989658,0.6446109134989658,0.38700294136105673,0.38698415736986336,0.3869830865010341,0.38698415736986336,0.3869830865010341
Qwen/Qwen2.5-3B,L4_0027,60,4,0.296683,0.025399765533480178,0.025402274651858892,0.02540244227831566,0.02540244227831566,0.2712832344665198,0.27128072534814107,0.2712805577216843,0.27128072534814107,0.2712805577216843
Qwen/Qwen2.5-3B,L4_0028,60,4,1.254045,0.6200420243415461,0.6113528339937497,0.6113549451394146,0.6200420243415461,0.634002975658454,0.6426921660062503,0.6426900548605855,0.6426921660062503,0.634002975658454
Qwen/Qwen2.5-3B,L4_0029,60,4,1.005187,0.6978544229506486,0.6961947888180302,0.6959833223850177,0.6978544229506486,0.30733257704935146,0.30899221118196984,0.30920367761498235,0.30899221118196984,0.30733257704935146
Qwen/Qwen2.5-3B,L4_0030,60,4,1.30796,0.5661037873655765,0.5661130509143891,0.5661137351306741,0.5661137351306741,0.7418562126344235,0.7418469490856109,0.7418462648693259,0.7418469490856109,0.7418462648693259
Qwen/Qwen2.5-3B,L4_0031,60,4,1.057143,0.5659770849249743,0.5659887406764992,0.5659894121321165,0.5659894121321165,0.4911659150750256,0.49115425932350076,0.49115358786788343,0.49115425932350076,0.49115358786788343
Qwen/Qwen2.5-3B,L4_0032,60,4,1.075572,0.599536197297834,0.5982665643775423,0.5982675427532996,0.599536197297834,0.47603580270216594,0.47730543562245764,0.47730445724670034,0.47730543562245764,0.47603580270216594
Qwen/Qwen2.5-3B,L4_0033,60,4,1.064675,0.9292330901600443,0.9241087906836166,0.924164721985922,0.9292330901600443,0.13544190983995574,0.14056620931638342,0.140510278014078,0.14056620931638342,0.13544190983995574
Qwen/Qwen2.5-3B,L4_0034,60,4,0.227047,0.02789319505567541,0.0278957089006367,0.027895876843700027,0.027895876843700027,0.19915380494432458,0.1991512910993633,0.19915112315629996,0.1991512910993633,0.19915112315629996
Qwen/Qwen2.5-3B,L4_0035,60,4,0.949514,0.5884916338684969,0.5885093248007567,0.5885103580239128,0.5885103580239128,0.36102236613150307,0.3610046751992433,0.36100364197608714,0.3610046751992433,0.36100364197608714
Qwen/Qwen2.5-3B,L4_0036,60,4,1.029007,0.5767012161366202,0.5767117340114183,0.5767125194403422,0.5767125194403422,0.45230578386337983,0.4522952659885817,0.4522944805596578,0.4522952659885817,0.4522944805596578
Qwen/Qwen2.5-3B,L4_0037,60,4,1.012721,0.5898545279406943,0.5898753999133088,0.5898765581263454,0.5898765581263454,0.4228664720593057,0.42284560008669114,0.42284444187365455,0.42284560008669114,0.42284444187365455
Qwen/Qwen2.5-3B,L4_0038,60,4,1.001873,0.7852708468867062,0.7852993712759868,0.7853021642530728,0.7853021642530728,0.21660215311329378,0.2165736287240132,0.21657083574692726,0.2165736287240132,0.21657083574692726
Qwen/Qwen2.5-3B,L4_0039,60,4,1.005104,0.8354598274898255,0.8254918167778829,0.8255050683153046,0.8354598274898255,0.1696441725101745,0.17961218322211714,0.17959893168469543,0.17961218322211714,0.1696441725101745
Qwen/Qwen2.5-3B,L4_0040,60,4,1.11617,0.8458249099529728,0.8458578687551506,0.8458598458766795,0.8458598458766795,0.27034509004702734,0.27031213124484954,0.2703101541233206,0.27031213124484954,0.2703101541233206
Qwen/Qwen2.5-3B,L4_0041,60,4,1.034605,0.770121857009813,0.7576331632452089,0.7576351023628319,0.770121857009813,0.26448314299018705,0.2769718367547911,0.27696989763716806,0.2769718367547911,0.26448314299018705
Qwen/Qwen2.5-3B,L4_0042,60,4,0.754305,0.02674160365444617,0.026744156930739615,0.02674432761600261,0.02674432761600261,0.7275633963455538,0.7275608430692604,0.7275606723839974,0.7275608430692604,0.7275606723839974
Qwen/Qwen2.5-3B,L4_0043,60,4,1.19392,0.8082630239382511,0.8082868873273746,0.8082886392711722,0.8082886392711722,0.385656976061749,0.38563311267262546,0.38563136072882787,0.38563311267262546,0.38563136072882787
Qwen/Qwen2.5-3B,L4_0044,60,4,0.885868,0.5904768267802573,0.585079735426626,0.5847839345268079,0.5904768267802573,0.29539117321974273,0.30078826457337404,0.3010840654731921,0.30078826457337404,0.29539117321974273
Qwen/Qwen2.5-3B,L4_0045,60,4,0.886875,0.5852455526184741,0.5852607665718094,0.5852616220373738,0.5852616220373738,0.30162944738152586,0.3016142334281906,0.3016133779626262,0.3016142334281906,0.3016133779626262
Qwen/Qwen2.5-3B,L4_0046,60,4,0.87699,0.03707877186130268,0.03708143242856003,0.03708161052322435,0.03708161052322435,0.8399112281386973,0.8399085675714401,0.8399083894767757,0.8399085675714401,0.8399083894767757
Qwen/Qwen2.5-3B,L4_0047,60,4,1.099082,0.4294522956933991,0.42945863605318707,0.4294590589387156,0.4294590589387156,0.6696297043066008,0.6696233639468128,0.6696229410612843,0.6696233639468128,0.6696229410612843
Qwen/Qwen2.5-3B,L4_0048,60,4,1.009908,0.7558995363879208,0.7561202564484327,0.756139422891283,0.756139422891283,0.2540084636120792,0.2537877435515673,0.25376857710871703,0.2537877435515673,0.25376857710871703
Qwen/Qwen2.5-3B,L4_0049,60,4,1.05355,0.5783086318626245,0.578341812816627,0.5783237797076131,0.578341812816627,0.4752413681373755,0.475208187183373,0.4752262202923869,0.475208187183373,0.475208187183373
Qwen/Qwen2.5-3B,L4_0050,60,4,0.857985,0.024299748061522387,0.023959583914273358,0.023959760240928066,0.024299748061522387,0.8336852519384776,0.8340254160857267,0.834025239759072,0.8340254160857267,0.8336852519384776
Qwen/Qwen2.5-3B,L4_0051,60,4,1.059477,0.8063006031724363,0.8063290401154832,0.8063309385146998,0.8063309385146998,0.25317639682756365,0.25314795988451677,0.25314606148530017,0.25314795988451677,0.25314606148530017
Qwen/Qwen2.5-3B,L4_0052,60,4,1.205644,0.645094510377791,0.6451108184292597,0.6451119461557211,0.6451119461557211,0.560549489622209,0.5605331815707403,0.5605320538442788,0.5605331815707403,0.5605320538442788
Qwen/Qwen2.5-3B,L4_0053,60,4,1.270804,0.8024381574015532,0.8024650971932533,0.80246688289082,0.80246688289082,0.4683658425984468,0.4683389028067467,0.46833711710918,0.4683389028067467,0.46833711710918
Qwen/Qwen2.5-3B,L4_0054,60,4,0.23576,0.05273972894529317,0.05274256288792633,0.052742752988729186,0.052742752988729186,0.18302027105470683,0.18301743711207366,0.1830172470112708,0.18301743711207366,0.1830172470112708
Qwen/Qwen2.5-3B,L4_0055,60,4,1.041547,0.600172803435535,0.6001903607734737,0.6001915305607316,0.6001915305607316,0.44137419656446497,0.44135663922652635,0.4413554694392684,0.44135663922652635,0.4413554694392684
Qwen/Qwen2.5-3B,L4_0056,60,4,1.088959,0.5960178676722234,0.5960352068023179,0.5960363613466019,0.5960363613466019,0.4929411323277766,0.4929237931976821,0.49292263865339814,0.4929237931976821,0.49292263865339814
Qwen/Qwen2.5-3B,L4_0057,60,4,1.167655,0.7445893515658655,0.7361954906103508,0.7361978757448508,0.7445893515658655,0.42306564843413463,0.4314595093896493,0.43145712425514926,0.4314595093896493,0.42306564843413463
Qwen/Qwen2.5-3B,L4_0058,60,4,0.966437,0.6835332532224733,0.6731408986113786,0.6730595259016863,0.6835332532224733,0.2829037467775267,0.2932961013886214,0.2933774740983137,0.2932961013886214,0.2829037467775267
Qwen/Qwen2.5-3B,L4_0059,60,4,1.116882,0.8152898763461477,0.8055541675727425,0.8055563421925218,0.8152898763461477,0.30159212365385224,0.3113278324272575,0.3113256578074781,0.3113278324272575,0.30159212365385224
Qwen/Qwen2.5-3B,L4_0060,60,4,1.173459,0.7680288023481355,0.7678174754041983,0.7678191131980039,0.7680288023481355,0.4054301976518645,0.4056415245958017,0.40563988680199614,0.4056415245958017,0.4054301976518645
Qwen/Qwen2.5-3B,L4_0061,60,4,0.241777,0.030542743411220572,0.030545304039040957,0.030545475217098134,0.030545475217098134,0.21123425658877942,0.21123169596095903,0.21123152478290186,0.21123169596095903,0.21123152478290186
Qwen/Qwen2.5-3B,L4_0062,60,4,0.834249,0.5908971279672591,0.5909088823300953,0.5909096649104079,0.5909096649104079,0.2433518720327409,0.2433401176699047,0.24333933508959216,0.2433401176699047,0.24333933508959216
Qwen/Qwen2.5-3B,L4_0063,60,4,0.824445,0.028772662120914772,0.028775305987669433,0.02877548296124397,0.02877548296124397,0.7956723378790852,0.7956696940123306,0.795669517038756,0.7956696940123306,0.795669517038756
Qwen/Qwen2.5-3B,L4_0064,60,4,0.973485,0.688264733264032,0.688285381010617,0.6882868231577008,0.6882868231577008,0.285220266735968,0.28519961898938306,0.2851981768422992,0.28519961898938306,0.2851981768422992
Qwen/Qwen2.5-3B,L4_0065,60,4,0.33572,0.025399765533480178,0.025402274651858892,0.02540244227831566,0.02540244227831566,0.31032023446651985,0.3103177253481411,0.31031755772168435,0.3103177253481411,0.31031755772168435
Qwen/Qwen2.5-3B,L4_0066,60,4,0.799406,0.043605036660902846,0.04360775604115816,0.043607938198482854,0.043607938198482854,0.7558009633390971,0.7557982439588418,0.7557980618015171,0.7557982439588418,0.7557980618015171
Qwen/Qwen2.5-3B,L4_0067,60,4,0.791698,0.02674160365444617,0.026744156930739615,0.02674432761600261,0.02674432761600261,0.7649563963455538,0.7649538430692604,0.7649536723839974,0.7649538430692604,0.7649536723839974
Qwen/Qwen2.5-3B,L4_0068,60,4,1.057666,0.5466280541373688,0.5298515477156979,0.529852783531156,0.5466280541373688,0.5110379458626312,0.5278144522843021,0.527813216468844,0.5278144522843021,0.5110379458626312
Qwen/Qwen2.5-3B,L4_0069,60,4,0.295006,0.019667589208854527,0.019670087476109318,0.01967025437567524,0.01967025437567524,0.27533841079114546,0.27533591252389067,0.2753357456243247,0.27533591252389067,0.2753357456243247
Qwen/Qwen2.5-3B,L4_0070,60,4,1.138559,0.5916105178398605,0.5915990394887595,0.5915995951412936,0.5916105178398605,0.5469484821601396,0.5469599605112406,0.5469594048587065,0.5469599605112406,0.5469484821601396
Qwen/Qwen2.5-3B,L4_0071,60,4,1.190858,0.8743325479901576,0.8743737231050795,0.8743765009320046,0.8743765009320046,0.3165254520098424,0.3164842768949204,0.3164814990679954,0.3164842768949204,0.3164814990679954
Qwen/Qwen2.5-3B,L4_0072,60,4,1.057443,0.6942682047535931,0.6937706121094511,0.6937716105428285,0.6942682047535931,0.36317479524640683,0.3636723878905488,0.36367138945717137,0.3636723878905488,0.36317479524640683
Qwen/Qwen2.5-3B,L4_0073,60,4,1.276262,0.5790007105904761,0.5790128193417968,0.5790135010731184,0.5790135010731184,0.6972612894095239,0.6972491806582032,0.6972484989268816,0.6972491806582032,0.6972484989268816
Qwen/Qwen2.5-3B,L4_0074,60,4,0.281779,0.02160348085286405,0.021605982783395223,0.02160614992836287,0.02160614992836287,0.26017551914713594,0.2601730172166048,0.26017285007163715,0.2601730172166048,0.26017285007163715
Qwen/Qwen2.5-1.5B,L1_0000,24,1,0.644655,0.010053148130867124,0.010055474081425455,0.010055629091960743,0.010055629091960743,0.6346018518691329,0.6345995259185745,0.6345993709080392,0.6345995259185745,0.6345993709080392
Qwen/Qwen2.5-1.5B,L1_0001,24,1,0.413851,0.005025305574975918,0.0050275866589622,0.005027738590845903,0.005027738590845903,0.4088256944250241,0.40882341334103783,0.40882326140915415,0.40882341334103783,0.40882326140915415
Qwen/Qwen2.5-1.5B,L1_0002,24,1,1.121192,0.42342805125082994,0.42343411521451424,0.4234345190310208,0.4234345190310208,0.69776394874917,0.6977578847854857,0.6977574809689792,0.6977578847854857,0.6977574809689792
Qwen/Qwen2.5-1.5B,L1_0003,24,1,0.788402,0.005025305574975918,0.0050275866589622,0.005027738590845903,0.005027738590845903,0.7833766944250241,0.7833744133410379,0.7833742614091541,0.7833744133410379,0.7833742614091541
Qwen/Qwen2.5-1.5B,L1_0004,24,1,0.97992,0.556165704478446,0.5561748855625002,0.5561755557468671,0.5561755557468671,0.42375429552155397,0.42374511443749985,0.42374444425313296,0.42374511443749985,0.42374444425313296
Qwen/Qwen2.5-1.5B,L1_0005,24,1,1.09037,0.4285088015909607,0.42851507534011984,0.4285154936105082,0.4285154936105082,0.6618611984090393,0.6618549246598802,0.6618545063894918,0.6618549246598802,0.6618545063894918
Qwen/Qwen2.5-1.5B,L1_0006,24,1,1.402184,0.5598101916185926,0.5595302165695909,0.5595309935698564,0.5598101916185926,0.8423738083814075,0.8426537834304092,0.8426530064301437,0.8426537834304092,0.8423738083814075
Qwen/Qwen2.5-1.5B,L1_0007,24,1,0.89023,0.5859905535917557,0.5860108820291188,0.5860120193087732,0.5860120193087732,0.3042394464082443,0.3042191179708812,0.30421798069122674,0.3042191179708812,0.30421798069122674
Qwen/Qwen2.5-1.5B,L1_0008,24,1,1.030831,0.6443285786964589,0.6443455645047795,0.6443468125278053,0.6443468125278053,0.3865024213035412,0.3864854354952205,0.3864841874721947,0.3864854354952205,0.3864841874721947
Qwen/Qwen2.5-1.5B,L1_0009,24,1,1.396822,0.5616825321925537,0.5616922213098698,0.5616929260152631,0.5616929260152631,0.8351394678074463,0.8351297786901302,0.8351290739847369,0.8351297786901302,0.8351290739847369
Qwen/Qwen2.5-1.5B,L1_0010,24,1,0.992119,0.644025079702771,0.6440413338889835,0.6440425795532169,0.6440425795532169,0.34809392029722896,0.3480776661110164,0.3480764204467831,0.3480776661110164,0.3480764204467831
Qwen/Qwen2.5-1.5B,L1_0011,24,1,1.105045,0.5616420249846749,0.5616530879755832,0.5616536914561304,0.5616536914561304,0.5434029750153252,0.5433919120244168,0.5433913085438696,0.5433919120244168,0.5433913085438696
Qwen/Qwen2.5-1.5B,L1_0012,24,1,1.085166,0.018999956527586407,0.01900241322631889,0.01900257724668017,0.01900257724668017,1.0661660434724136,1.0661635867736812,1.0661634227533199,1.0661635867736812,1.0661634227533199
Qwen/Qwen2.5-1.5B,L1_0013,24,1,1.133805,0.010053148130867124,0.010055474081425455,0.010055629091960743,0.010055629091960743,1.1237518518691327,1.1237495259185746,1.1237493709080393,1.1237495259185746,1.1237493709080393
Qwen/Qwen2.5-1.5B,L1_0014,24,1,1.099439,0.4268350994800748,0.42684123404911456,0.42684164272993924,0.42684164272993924,0.6726039005199252,0.6725977659508855,0.6725973572700608,0.6725977659508855,0.6725973572700608
Qwen/Qwen2.5-1.5B,L1_0015,24,1,1.003933,0.012610887246710646,0.012613254883847425,0.012613412765625078,0.012613412765625078,0.9913221127532893,0.9913197451161525,0.9913195872343749,0.9913197451161525,0.9913195872343749
Qwen/Qwen2.5-1.5B,L1_0016,24,1,1.405525,0.5575826073401025,0.5575928403183378,0.5575935653393563,0.5575935653393563,0.8479423926598975,0.8479321596816621,0.8479314346606436,0.8479321596816621,0.8479314346606436
Qwen/Qwen2.5-1.5B,L1_0017,24,1,1.342344,0.42342805125082994,0.42343411521451424,0.4234345190310208,0.4234345190310208,0.91891594874917,0.9189098847854857,0.9189094809689792,0.9189098847854857,0.9189094809689792
Qwen/Qwen2.5-1.5B,L1_0018,24,1,1.003318,0.04509386124200176,0.04509672824872107,0.04509692070306914,0.04509692070306914,0.9582241387579982,0.9582212717512789,0.9582210792969308,0.9582212717512789,0.9582210792969308
Qwen/Qwen2.5-1.5B,L1_0019,24,1,0.918332,0.014570730248586922,0.014573178745083263,0.014573342216376725,0.014573342216376725,0.9037612697514131,0.9037588212549168,0.9037586577836233,0.9037588212549168,0.9037586577836233
Qwen/Qwen2.5-1.5B,L1_0020,24,1,0.56092,0.02524888940829412,0.025251357714916333,0.025251522512305648,0.025251522512305648,0.5356711105917058,0.5356686422850836,0.5356684774876943,0.5356686422850836,0.5356684774876943
Qwen/Qwen2.5-1.5B,L1_0021,24,1,1.177967,0.015099592720175092,0.01510196479820838,0.015102122976868136,0.015102122976868136,1.1628674072798248,1.1628650352017915,1.1628648770231318,1.1628650352017915,1.1628648770231318
Qwen/Qwen2.5-1.5B,L1_0022,24,1,0.944478,0.01391059309621901,0.013913001229660833,0.01391316190810807,0.01391316190810807,0.930567406903781,0.9305649987703392,0.9305648380918919,0.9305649987703392,0.9305648380918919
Qwen/Qwen2.5-1.5B,L1_0023,24,1,1.130867,0.692168156194714,0.6921826965512399,0.6921836647777091,0.6921836647777091,0.4386988438052861,0.4386843034487602,0.43868333522229097,0.4386843034487602,0.43868333522229097
Qwen/Qwen2.5-1.5B,L1_0024,24,1,1.079118,0.7219631411348683,0.7219839900225647,0.7219852408257172,0.7219852408257172,0.35715485886513176,0.3571340099774353,0.3571327591742828,0.3571340099774353,0.3571327591742828
Qwen/Qwen2.5-1.5B,L1_0025,24,1,1.052172,0.7225857673077176,0.7226043321970139,0.7226057556068767,0.7226057556068767,0.3295862326922825,0.3295676678029862,0.32956624439312343,0.3295676678029862,0.32956624439312343
Qwen/Qwen2.5-1.5B,L1_0026,24,1,0.959943,0.018999956527586407,0.01900241322631889,0.01900257724668017,0.01900257724668017,0.9409430434724135,0.9409405867736811,0.9409404227533198,0.9409405867736811,0.9409404227533198
Qwen/Qwen2.5-1.5B,L1_0027,24,1,1.007574,0.5575826073401025,0.5575928403183378,0.5575935653393563,0.5575935653393563,0.4499913926598975,0.4499811596816622,0.44998043466064364,0.4499811596816622,0.44998043466064364
Qwen/Qwen2.5-1.5B,L1_0028,24,1,1.176579,0.5489828934711524,0.5418864976899483,0.5414616320639323,0.5489828934711524,0.6275961065288477,0.6346925023100517,0.6351173679360678,0.6346925023100517,0.6275961065288477
Qwen/Qwen2.5-1.5B,L1_0029,24,1,1.431044,0.562135436404174,0.5621465645398878,0.5621472008427368,0.5621472008427368,0.868908563595826,0.8688974354601122,0.8688967991572631,0.8688974354601122,0.8688967991572631
Qwen/Qwen2.5-1.5B,L1_0030,24,1,1.273209,0.6445910586389432,0.6446098426301365,0.6446109134989658,0.6446109134989658,0.6286179413610569,0.6285991573698635,0.6285980865010342,0.6285991573698635,0.6285980865010342
Qwen/Qwen2.5-1.5B,L1_0031,24,1,1.113137,0.8042460943907156,0.8042745553003747,0.8042763239381885,0.8042763239381885,0.30889090560928445,0.3088624446996253,0.30886067606181156,0.3088624446996253,0.30886067606181156
Qwen/Qwen2.5-1.5B,L1_0032,24,1,1.014574,0.5616420249846749,0.5616530879755832,0.5616536914561304,0.5616536914561304,0.4529319750153252,0.45292091202441687,0.45292030854386967,0.45292091202441687,0.45292030854386967
Qwen/Qwen2.5-1.5B,L1_0033,24,1,0.51218,0.012610887246710646,0.012613254883847425,0.012613412765625078,0.012613412765625078,0.4995691127532893,0.49956674511615257,0.4995665872343749,0.49956674511615257,0.4995665872343749
Qwen/Qwen2.5-1.5B,L1_0034,24,1,1.047915,0.7646577970705914,0.7522836366688146,0.7522851324179518,0.7646577970705914,0.2832572029294085,0.29563136333118534,0.2956298675820481,0.29563136333118534,0.2832572029294085
Qwen/Qwen2.5-1.5B,L1_0035,24,1,1.144946,0.5891987778221435,0.587182057071615,0.587183491517356,0.5891987778221435,0.5557472221778565,0.557763942928385,0.557762508482644,0.557763942928385,0.5557472221778565
Qwen/Qwen2.5-1.5B,L1_0036,24,1,1.038864,0.7219631411348683,0.7219839900225647,0.7219852408257172,0.7219852408257172,0.31690085886513175,0.31688000997743526,0.31687875917428276,0.31688000997743526,0.31687875917428276
Qwen/Qwen2.5-1.5B,L1_0037,24,1,1.027516,0.5661037873655765,0.5661130509143891,0.5661137351306741,0.5661137351306741,0.46141221263442356,0.46140294908561097,0.461402264869326,0.46140294908561097,0.461402264869326
Qwen/Qwen2.5-1.5B,L1_0038,24,1,0.973523,0.8296998793397509,0.830254396750739,0.8299197351620048,0.830254396750739,0.14382312066024916,0.14326860324926105,0.14360326483799524,0.14326860324926105,0.14326860324926105
Qwen/Qwen2.5-1.5B,L1_0039,24,1,1.260637,0.5908971279672591,0.5909088823300953,0.5909096649104079,0.5909096649104079,0.6697398720327409,0.6697281176699047,0.6697273350895921,0.6697281176699047,0.6697273350895921
Qwen/Qwen2.5-1.5B,L1_0040,24,1,1.236102,0.5930278619289706,0.5930410751060122,0.5930419549285907,0.5930419549285907,0.6430741380710294,0.6430609248939878,0.6430600450714093,0.6430609248939878,0.6430600450714093
Qwen/Qwen2.5-1.5B,L1_0041,24,1,1.1072,0.7223003980276991,0.7223176343431643,0.7223187439999428,0.7223187439999428,0.3848996019723009,0.38488236565683565,0.3848812560000572,0.38488236565683565,0.3848812560000572
Qwen/Qwen2.5-1.5B,L1_0042,24,1,0.63548,0.015099592720175092,0.01510196479820838,0.015102122976868136,0.015102122976868136,0.6203804072798249,0.6203780352017917,0.620377877023132,0.6203780352017917,0.620377877023132
Qwen/Qwen2.5-1.5B,L1_0043,24,1,1.106606,0.6901517566312151,0.6901662536736936,0.6901672188591885,0.6901672188591885,0.4164542433687849,0.4164397463263064,0.41643878114081145,0.4164397463263064,0.41643878114081145
Qwen/Qwen2.5-1.5B,L1_0044,24,1,0.992244,0.6556663183040589,0.6534102145655613,0.6534121020963872,0.6556663183040589,0.33657768169594116,0.33883378543443876,0.3388318979036128,0.33883378543443876,0.33657768169594116
Qwen/Qwen2.5-1.5B,L1_0045,24,1,1.24919,0.6361194389642142,0.6359540047686544,0.6357885165881005,0.6361194389642142,0.6130705610357858,0.6132359952313456,0.6134014834118995,0.6132359952313456,0.6130705610357858
Qwen/Qwen2.5-1.5B,L1_0046,24,1,0.600578,0.017685669410862474,0.01768808441030541,0.017688245548064793,0.017688245548064793,0.5828923305891375,0.5828899155896945,0.5828897544519351,0.5828899155896945,0.5828897544519351
Qwen/Qwen2.5-1.5B,L1_0047,24,1,0.964296,0.599167363572666,0.5983784127718171,0.5983792299708122,0.599167363572666,0.36512863642733406,0.3659175872281829,0.3659167700291879,0.3659175872281829,0.36512863642733406
Qwen/Qwen2.5-1.5B,L1_0048,24,1,1.029251,0.6789624335973332,0.6731183874761345,0.6731208059048815,0.6789624335973332,0.3502885664026667,0.3561326125238654,0.35613019409511837,0.3561326125238654,0.3502885664026667
Qwen/Qwen2.5-1.5B,L1_0049,24,1,1.098953,0.7743013663226266,0.7618498245077767,0.7618520709487381,0.7743013663226266,0.3246516336773735,0.33710317549222335,0.337100929051262,0.33710317549222335,0.3246516336773735
Qwen/Qwen2.5-1.5B,L1_0050,24,1,1.16258,0.7587308170070608,0.7580478957043583,0.7580495182811969,0.7587308170070608,0.40384918299293915,0.4045321042956417,0.404530481718803,0.4045321042956417,0.40384918299293915
Qwen/Qwen2.5-1.5B,L1_0051,24,1,1.02817,0.8065047663032039,0.8065315090634704,0.8065332218760141,0.8065332218760141,0.22166523369679614,0.22163849093652965,0.22163677812398597,0.22163849093652965,0.22163677812398597
Qwen/Qwen2.5-1.5B,L1_0052,24,1,0.9572,0.5916979738484606,0.591712823713522,0.591713812385367,0.591713812385367,0.3655020261515395,0.3654871762864781,0.36548618761463303,0.3654871762864781,0.36548618761463303
Qwen/Qwen2.5-1.5B,L1_0053,24,1,1.421515,0.5604798129137563,0.5604908285828074,0.5604914429889144,0.5604914429889144,0.8610351870862438,0.8610241714171927,0.8610235570110857,0.8610241714171927,0.8610235570110857
Qwen/Qwen2.5-1.5B,L1_0054,24,1,1.318647,0.43630122985140857,0.4363077914312539,0.43630822960862303,0.43630822960862303,0.8823457701485913,0.882339208568746,0.8823387703913769,0.882339208568746,0.8823387703913769
Qwen/Qwen2.5-1.5B,L1_0055,24,1,1.290055,0.4268350994800748,0.42684123404911456,0.42684164272993924,0.42684164272993924,0.8632199005199251,0.8632137659508854,0.8632133572700607,0.8632137659508854,0.8632133572700607
Qwen/Qwen2.5-1.5B,L1_0056,24,1,0.906441,0.5920570196317443,0.5920743507547076,0.5920755046366603,0.5920755046366603,0.31438398036825577,0.31436664924529245,0.3143654953633398,0.31436664924529245,0.3143654953633398
Qwen/Qwen2.5-1.5B,L1_0057,24,1,1.358199,0.37784808789327806,0.3780992181216052,0.37812517026055675,0.37812517026055675,0.9803509121067219,0.9800997818783947,0.9800738297394431,0.9800997818783947,0.9800738297394431
Qwen/Qwen2.5-1.5B,L1_0058,24,1,1.140414,0.5916979738484606,0.591712823713522,0.591713812385367,0.591713812385367,0.5487160261515395,0.5487011762864781,0.548700187614633,0.5487011762864781,0.548700187614633
Qwen/Qwen2.5-1.5B,L1_0059,24,1,1.102403,0.6901576102707895,0.6901721160692311,0.6901730818391093,0.6901730818391093,0.41224538972921054,0.4122308839307689,0.4122299181608907,0.4122308839307689,0.4122299181608907
Qwen/Qwen2.5-1.5B,L1_0060,24,1,1.124868,0.6649224252752747,0.6625866151769076,0.6625882016649527,0.6649224252752747,0.4599455747247253,0.46228138482309233,0.4622797983350473,0.46228138482309233,0.4599455747247253
Qwen/Qwen2.5-1.5B,L1_0061,24,1,1.124868,0.028113562370425633,0.02794849426685676,0.027948674264536736,0.028113562370425633,1.0967544376295744,1.0969195057331431,1.0969193257354632,1.0969195057331431,1.0967544376295744
Qwen/Qwen2.5-1.5B,L1_0062,24,1,1.289751,0.44313056653316435,0.44313736181035496,0.4431378161743359,0.4431378161743359,0.8466204334668357,0.8466136381896452,0.8466131838256642,0.8466136381896452,0.8466131838256642
Qwen/Qwen2.5-1.5B,L1_0063,24,1,1.172945,0.6448035643212972,0.644822461165197,0.6448235312039016,0.6448235312039016,0.5281414356787028,0.5281225388348029,0.5281214687960983,0.5281225388348029,0.5281214687960983
Qwen/Qwen2.5-1.5B,L1_0064,24,1,1.297041,0.6626194283027199,0.6561942271905472,0.6561956170249407,0.6626194283027199,0.6344215716972802,0.6408467728094529,0.6408453829750594,0.6408467728094529,0.6344215716972802
Qwen/Qwen2.5-1.5B,L1_0065,24,1,0.909117,0.015238725805331987,0.014908467455792461,0.014908633754194869,0.015238725805331987,0.8938782741946679,0.8942085325442075,0.8942083662458051,0.8942085325442075,0.8938782741946679
Qwen/Qwen2.5-1.5B,L1_0066,24,1,1.013762,0.6443285786964589,0.6443455645047795,0.6443468125278053,0.6443468125278053,0.3694334213035412,0.3694164354952205,0.3694151874721947,0.3694164354952205,0.3694151874721947
Qwen/Qwen2.5-1.5B,L1_0067,24,1,0.597246,0.02016478917779271,0.020167208691376406,0.020167370131106116,0.020167370131106116,0.5770812108222073,0.5770787913086236,0.5770786298688939,0.5770787913086236,0.5770786298688939
Qwen/Qwen2.5-1.5B,L1_0068,24,1,1.129724,0.39613260633928943,0.39635581119107527,0.3963689770339815,0.3963689770339815,0.7335913936607106,0.7333681888089247,0.7333550229660184,0.7333681888089247,0.7333550229660184
Qwen/Qwen2.5-1.5B,L1_0069,24,1,0.512724,0.02027674897298586,0.02027920804312403,0.020279372222234523,0.020279372222234523,0.4924472510270141,0.4924447919568759,0.49244462777776543,0.4924447919568759,0.49244462777776543
Qwen/Qwen2.5-1.5B,L1_0070,24,1,1.218573,0.5859905535917557,0.5860108820291188,0.5860120193087732,0.5860120193087732,0.6325824464082442,0.6325621179708811,0.6325609806912267,0.6325621179708811,0.6325609806912267
Qwen/Qwen2.5-1.5B,L1_0071,24,1,1.002039,0.645094510377791,0.6451108184292597,0.6451119461557211,0.6451119461557211,0.3569444896222089,0.35692818157074024,0.3569270538442788,0.35692818157074024,0.3569270538442788
Qwen/Qwen2.5-1.5B,L1_0072,24,1,1.112355,0.5909351057220732,0.5909482500600642,0.5909491251808352,0.5909491251808352,0.5214198942779268,0.5214067499399357,0.5214058748191648,0.5214067499399357,0.5214058748191648
Qwen/Qwen2.5-1.5B,L1_0073,24,1,1.092035,0.7671988418014856,0.7672233686567277,0.7672247391587159,0.7672247391587159,0.3248361581985145,0.3248116313432724,0.32481026084128417,0.3248116313432724,0.32481026084128417
Qwen/Qwen2.5-1.5B,L1_0074,24,1,1.139709,0.5867742843684841,0.5863905269864861,0.5863922265963787,0.5867742843684841,0.552934715631516,0.553318473013514,0.5533167734036214,0.553318473013514,0.552934715631516
Qwen/Qwen2.5-1.5B,L2_0000,40,2,0.826457,0.5858172685875086,0.5858343917957356,0.5858354009785347,0.5858354009785347,0.2406397314124914,0.2406226082042644,0.2406215990214653,0.2406226082042644,0.2406215990214653
Qwen/Qwen2.5-1.5B,L2_0001,40,2,1.67203,0.6963793300542532,0.681480909492496,0.6814827724666482,0.6963793300542532,0.9756506699457467,0.990549090507504,0.9905472275333517,0.990549090507504,0.9756506699457467
Qwen/Qwen2.5-1.5B,L2_0002,40,2,1.070712,0.7135871341649848,0.7118441072471208,0.7118454340112876,0.7135871341649848,0.35712486583501535,0.35886789275287934,0.35886656598871247,0.35886789275287934,0.35712486583501535
Qwen/Qwen2.5-1.5B,L2_0003,40,2,0.947571,0.5945088644386783,0.5945237581940827,0.5945247499146329,0.5945247499146329,0.3530621355613217,0.3530472418059174,0.35304625008536716,0.3530472418059174,0.35304625008536716
Qwen/Qwen2.5-1.5B,L2_0004,40,2,1.216381,0.6572548946966691,0.6510327589770961,0.6510345667952313,0.6572548946966691,0.5591261053033308,0.5653482410229038,0.5653464332047686,0.5653482410229038,0.5591261053033308
Qwen/Qwen2.5-1.5B,L2_0005,40,2,1.008894,0.017685669410862474,0.01768808441030541,0.017688245548064793,0.017688245548064793,0.9912083305891375,0.9912059155896945,0.9912057544519352,0.9912059155896945,0.9912057544519352
Qwen/Qwen2.5-1.5B,L2_0006,40,2,1.001824,0.563179060396563,0.5631884706588778,0.5631891763787329,0.5631891763787329,0.4386449396034371,0.43863552934112227,0.43863482362126716,0.43863552934112227,0.43863482362126716
Qwen/Qwen2.5-1.5B,L2_0007,40,2,1.359437,0.6453424347711288,0.6392570243409356,0.639258529356598,0.6453424347711288,0.7140945652288712,0.7201799756590644,0.720178470643402,0.7201799756590644,0.7140945652288712
Qwen/Qwen2.5-1.5B,L2_0008,40,2,1.210932,0.6000900886701157,0.6001028455219127,0.6001036974528988,0.6001036974528988,0.6108419113298842,0.6108291544780872,0.6108283025471011,0.6108291544780872,0.6108283025471011
Qwen/Qwen2.5-1.5B,L2_0009,40,2,1.175956,0.644508947091823,0.6384134721366164,0.6384150541114927,0.644508947091823,0.531447052908177,0.5375425278633836,0.5375409458885073,0.5375425278633836,0.531447052908177
Qwen/Qwen2.5-1.5B,L2_0010,40,2,1.427197,0.5574132606847518,0.5574234889397737,0.5574242263287484,0.5574242263287484,0.8697837393152482,0.8697735110602264,0.8697727736712516,0.8697735110602264,0.8697727736712516
Qwen/Qwen2.5-1.5B,L2_0011,40,2,1.440607,0.5949868879369302,0.5945997957750386,0.594600820969651,0.5949868879369302,0.8456201120630698,0.8460072042249613,0.846006179030349,0.8460072042249613,0.8456201120630698
Qwen/Qwen2.5-1.5B,L2_0012,40,2,0.920715,0.6484837429277505,0.6421892563904806,0.6421906305085437,0.6484837429277505,0.2722312570722495,0.2785257436095193,0.2785243694914562,0.2785257436095193,0.2722312570722495
Qwen/Qwen2.5-1.5B,L2_0013,40,2,1.078758,0.5714923561474928,0.5715021348331494,0.5715028545599116,0.5715028545599116,0.5072656438525073,0.5072558651668507,0.5072551454400885,0.5072558651668507,0.5072551454400885
Qwen/Qwen2.5-1.5B,L2_0014,40,2,0.99289,0.02027674897298586,0.02027920804312403,0.020279372222234523,0.020279372222234523,0.9726132510270142,0.972610791956876,0.9726106277777655,0.972610791956876,0.9726106277777655
Qwen/Qwen2.5-1.5B,L2_0015,40,2,1.092774,0.8533562095703772,0.8474810925533067,0.8474845297946095,0.8533562095703772,0.23941779042962275,0.2452929074466932,0.24528947020539038,0.2452929074466932,0.23941779042962275
Qwen/Qwen2.5-1.5B,L2_0016,40,2,1.002247,0.6901576102707895,0.6901721160692311,0.6901730818391093,0.6901730818391093,0.31208938972921063,0.312074883930769,0.3120739181608908,0.312074883930769,0.3120739181608908
Qwen/Qwen2.5-1.5B,L2_0017,40,2,1.091959,0.4389200066051746,0.4384860333388954,0.4384864892735284,0.4389200066051746,0.6530389933948253,0.6534729666611045,0.6534725107264715,0.6534729666611045,0.6530389933948253
Qwen/Qwen2.5-1.5B,L2_0018,40,2,1.117027,0.5662011614838829,0.5662116026759773,0.5662123753943026,0.5662123753943026,0.5508258385161171,0.5508153973240227,0.5508146246056974,0.5508153973240227,0.5508146246056974
Qwen/Qwen2.5-1.5B,L2_0019,40,2,0.969163,0.02160348085286405,0.021605982783395223,0.02160614992836287,0.02160614992836287,0.947559519147136,0.9475570172166048,0.9475568500716371,0.9475570172166048,0.9475568500716371
Qwen/Qwen2.5-1.5B,L2_0020,40,2,1.14408,0.0227797168953246,0.02278218061344422,0.02278234510369005,0.02278234510369005,1.1213002831046754,1.1212978193865557,1.1212976548963098,1.1212978193865557,1.1212976548963098
Qwen/Qwen2.5-1.5B,L2_0021,40,2,0.954661,0.5909351057220732,0.5909482500600642,0.5909491251808352,0.5909491251808352,0.3637258942779268,0.36371274993993574,0.3637118748191648,0.36371274993993574,0.3637118748191648
Qwen/Qwen2.5-1.5B,L2_0022,40,2,1.426239,0.556165704478446,0.5561748855625002,0.5561755557468671,0.5561755557468671,0.870073295521554,0.8700641144374999,0.870063444253133,0.8700641144374999,0.870063444253133
Qwen/Qwen2.5-1.5B,L2_0023,40,2,1.102277,0.7216967063575594,0.7217134206608651,0.7217145973820375,0.7217145973820375,0.3805802936424405,0.38056357933913487,0.3805624026179625,0.38056357933913487,0.3805624026179625
Qwen/Qwen2.5-1.5B,L2_0024,40,2,0.999998,0.03325862621596675,0.03326127909117213,0.03326145666947867,0.03326145666947867,0.9667393737840333,0.9667367209088279,0.9667365433305214,0.9667367209088279,0.9667365433305214
Qwen/Qwen2.5-1.5B,L2_0025,40,2,1.334116,0.7308383518427982,0.7306213703941817,0.7306226825969436,0.7308383518427982,0.6032776481572019,0.6034946296058183,0.6034933174030565,0.6034946296058183,0.6032776481572019
Qwen/Qwen2.5-1.5B,L2_0026,40,2,1.336271,0.648757193301699,0.6481844478485534,0.6481857784218016,0.648757193301699,0.687513806698301,0.6880865521514465,0.6880852215781984,0.6880865521514465,0.687513806698301
Qwen/Qwen2.5-1.5B,L2_0027,40,2,1.405846,0.5920570196317443,0.5920743507547076,0.5920755046366603,0.5920755046366603,0.8137889803682556,0.8137716492452923,0.8137704953633397,0.8137716492452923,0.8137704953633397
Qwen/Qwen2.5-1.5B,L2_0028,40,2,1.105571,0.7643541995770156,0.7643772471566436,0.7643787434721909,0.7643787434721909,0.3412168004229845,0.3411937528433565,0.34119225652780916,0.3411937528433565,0.34119225652780916
Qwen/Qwen2.5-1.5B,L2_0029,40,2,0.99501,0.5638962019066408,0.5639069706434237,0.5639077412415692,0.5639077412415692,0.43111379809335915,0.4311030293565763,0.4311022587584308,0.4311030293565763,0.4311022587584308
Qwen/Qwen2.5-1.5B,L2_0030,40,2,0.94358,0.7769620438985971,0.772259844743582,0.772232810858172,0.7769620438985971,0.16661795610140284,0.17132015525641797,0.171347189141828,0.17132015525641797,0.16661795610140284
Qwen/Qwen2.5-1.5B,L2_0031,40,2,1.024866,0.8257134012434894,0.8157931016436573,0.8157958795973856,0.8257134012434894,0.1991525987565107,0.2090728983563428,0.2090701204026144,0.2090728983563428,0.1991525987565107
Qwen/Qwen2.5-1.5B,L2_0032,40,2,1.257331,0.5731457887939115,0.5527235009026674,0.5527258691595381,0.5731457887939115,0.6841852112060884,0.7046074990973326,0.7046051308404618,0.7046074990973326,0.6841852112060884
Qwen/Qwen2.5-1.5B,L2_0033,40,2,1.128912,0.4319788313290278,0.43198518007025105,0.4319856035167264,0.4319856035167264,0.6969331686709721,0.6969268199297489,0.6969263964832735,0.6969268199297489,0.6969263964832735
Qwen/Qwen2.5-1.5B,L2_0034,40,2,1.066723,0.5374972575745156,0.5252981769695793,0.5253005544287481,0.5374972575745156,0.5292257424254845,0.5414248230304208,0.541422445571252,0.5414248230304208,0.5292257424254845
Qwen/Qwen2.5-1.5B,L2_0035,40,2,1.260447,0.4319788313290278,0.43198518007025105,0.4319856035167264,0.4319856035167264,0.8284681686709723,0.8284618199297491,0.8284613964832737,0.8284618199297491,0.8284613964832737
Qwen/Qwen2.5-1.5B,L2_0036,40,2,1.1464,0.0227797168953246,0.02278218061344422,0.02278234510369005,0.02278234510369005,1.1236202831046755,1.1236178193865558,1.12361765489631,1.1236178193865558,1.12361765489631
Qwen/Qwen2.5-1.5B,L2_0037,40,2,1.158044,0.7255656364052728,0.7250125107786374,0.7250144145956909,0.7255656364052728,0.43247836359472724,0.4330314892213627,0.43302958540430914,0.4330314892213627,0.43247836359472724
Qwen/Qwen2.5-1.5B,L2_0038,40,2,1.230807,0.6713760928180966,0.665493780922288,0.665495154771596,0.6713760928180966,0.5594309071819034,0.565313219077712,0.5653118452284039,0.565313219077712,0.5594309071819034
Qwen/Qwen2.5-1.5B,L2_0039,40,2,1.0966,0.5652250647109868,0.5647895247473196,0.5647901596999901,0.5652250647109868,0.5313749352890133,0.5318104752526804,0.5318098403000099,0.5318104752526804,0.5313749352890133
Qwen/Qwen2.5-1.5B,L2_0040,40,2,1.160157,0.8187236322840407,0.8088821023695719,0.8088841708062934,0.8187236322840407,0.34143336771595945,0.3512748976304282,0.3512728291937067,0.3512748976304282,0.34143336771595945
Qwen/Qwen2.5-1.5B,L2_0041,40,2,1.017282,0.7050375990559045,0.705059984246889,0.7050615511054588,0.7050615511054588,0.31224440094409556,0.31222201575311104,0.31222044889454126,0.31222201575311104,0.31222044889454126
Qwen/Qwen2.5-1.5B,L2_0042,40,2,1.162621,0.6547298769236681,0.6548963298910704,0.65502892141601,0.65502892141601,0.5078911230763318,0.5077246701089295,0.5075920785839899,0.5077246701089295,0.5075920785839899
Qwen/Qwen2.5-1.5B,L2_0043,40,2,0.537047,0.030352047432585853,0.03035456594151783,0.03035473419698234,0.03035473419698234,0.5066949525674141,0.5066924340584822,0.5066922658030177,0.5066924340584822,0.5066922658030177
Qwen/Qwen2.5-1.5B,L2_0044,40,2,1.141438,0.5940292668248963,0.5940412292304333,0.5940420261919875,0.5940420261919875,0.5474087331751036,0.5473967707695666,0.5473959738080124,0.5473967707695666,0.5473959738080124
Qwen/Qwen2.5-1.5B,L2_0045,40,2,1.345735,0.4371375766067789,0.4371441665617249,0.4371446066356493,0.4371446066356493,0.908597423393221,0.9085908334382751,0.9085903933643507,0.9085908334382751,0.9085903933643507
Qwen/Qwen2.5-1.5B,L2_0046,40,2,1.08613,0.7631505911089924,0.7631729978531689,0.7631744664774256,0.7631744664774256,0.3229794088910076,0.3229570021468311,0.32295553352257445,0.3229570021468311,0.32295553352257445
Qwen/Qwen2.5-1.5B,L2_0047,40,2,1.202468,0.8097635021399067,0.8097943845018801,0.8097961636767183,0.8097961636767183,0.3927044978600934,0.39267361549811997,0.39267183632328184,0.39267361549811997,0.39267183632328184
Qwen/Qwen2.5-1.5B,L2_0048,40,2,1.271763,0.7169784690855928,0.7170036919311591,0.7170049254882084,0.7170049254882084,0.5547845309144072,0.5547593080688409,0.5547580745117916,0.5547593080688409,0.5547580745117916
Qwen/Qwen2.5-1.5B,L2_0049,40,2,1.256859,0.6901517566312151,0.6901662536736936,0.6901672188591885,0.6901672188591885,0.5667072433687849,0.5666927463263064,0.5666917811408114,0.5666927463263064,0.5666917811408114
Qwen/Qwen2.5-1.5B,L2_0050,40,2,0.856497,0.5934178368458543,0.5720078770957445,0.5720088503549104,0.5934178368458543,0.2630791631541457,0.28448912290425543,0.2844881496450895,0.28448912290425543,0.2630791631541457
Qwen/Qwen2.5-1.5B,L2_0051,40,2,1.268866,0.6457293177457634,0.645177631570091,0.6451788947316007,0.6457293177457634,0.6231366822542367,0.623688368429909,0.6236871052683993,0.623688368429909,0.6231366822542367
Qwen/Qwen2.5-1.5B,L2_0052,40,2,1.095653,0.7669781085258172,0.7670018540892981,0.76700322313199,0.76700322313199,0.32867489147418283,0.3286511459107019,0.32864977686801,0.3286511459107019,0.32864977686801
Qwen/Qwen2.5-1.5B,L2_0053,40,2,1.050955,0.7503466321063051,0.7385771566253684,0.7385789768861819,0.7503466321063051,0.30060836789369494,0.3123778433746317,0.3123760231138182,0.3123778433746317,0.30060836789369494
Qwen/Qwen2.5-1.5B,L2_0054,40,2,0.604,0.0227797168953246,0.02278218061344422,0.02278234510369005,0.02278234510369005,0.5812202831046753,0.5812178193865558,0.5812176548963099,0.5812178193865558,0.5812176548963099
Qwen/Qwen2.5-1.5B,L2_0055,40,2,0.532783,0.03817911784785252,0.03818173639088817,0.03818191155686369,0.03818191155686369,0.49460388215214746,0.49460126360911183,0.4946010884431363,0.49460126360911183,0.4946010884431363
Qwen/Qwen2.5-1.5B,L2_0056,40,2,1.049665,0.047860337657995494,0.04768638553118616,0.04768658560639934,0.047860337657995494,1.0018046623420045,1.0019786144688139,1.0019784143936008,1.0019786144688139,1.0018046623420045
Qwen/Qwen2.5-1.5B,L2_0057,40,2,1.175889,0.02016478917779271,0.020167208691376406,0.020167370131106116,0.020167370131106116,1.1557242108222072,1.1557217913086235,1.155721629868894,1.1557217913086235,1.155721629868894
Qwen/Qwen2.5-1.5B,L2_0058,40,2,1.077712,0.7007588271501252,0.6958106342616317,0.6958122776108674,0.7007588271501252,0.37695317284987484,0.3819013657383683,0.3818997223891326,0.3819013657383683,0.37695317284987484
Qwen/Qwen2.5-1.5B,L2_0059,40,2,1.429355,0.6012453783307544,0.6012637599984361,0.6012649866641175,0.6012649866641175,0.8281096216692455,0.8280912400015639,0.8280900133358824,0.8280912400015639,0.8280900133358824
Qwen/Qwen2.5-1.5B,L2_0060,40,2,1.144352,0.5934178368458543,0.5720078770957445,0.5720088503549104,0.5934178368458543,0.5509341631541458,0.5723441229042555,0.5723431496450896,0.5723441229042555,0.5509341631541458
Qwen/Qwen2.5-1.5B,L2_0061,40,2,1.023889,0.6440737944717708,0.6381252686130855,0.6381267218296544,0.6440737944717708,0.3798152055282292,0.38576373138691455,0.3857622781703457,0.38576373138691455,0.3798152055282292
Qwen/Qwen2.5-1.5B,L2_0062,40,2,1.290782,0.4285088015909607,0.42851507534011984,0.4285154936105082,0.4285154936105082,0.8622731984090394,0.8622669246598802,0.8622665063894919,0.8622669246598802,0.8622665063894919
Qwen/Qwen2.5-1.5B,L2_0063,40,2,1.06264,0.81033384318035,0.7979698134681048,0.7979726372849839,0.81033384318035,0.2523061568196501,0.2646701865318952,0.2646673627150161,0.2646701865318952,0.2523061568196501
Qwen/Qwen2.5-1.5B,L2_0064,40,2,1.007249,0.8458249099529728,0.8458578687551506,0.8458598458766795,0.8458598458766795,0.1614240900470273,0.1613911312448495,0.16138915412332056,0.1613911312448495,0.16138915412332056
Qwen/Qwen2.5-1.5B,L2_0065,40,2,1.267719,0.804693621435324,0.8047229966595377,0.8047251297248081,0.8047251297248081,0.46302537856467607,0.4629960033404623,0.4629938702751919,0.4629960033404623,0.4629938702751919
Qwen/Qwen2.5-1.5B,L2_0066,40,2,1.418986,0.7191765563115589,0.7192017692184156,0.7192030441610077,0.7192030441610077,0.6998094436884412,0.6997842307815845,0.6997829558389924,0.6997842307815845,0.6997829558389924
Qwen/Qwen2.5-1.5B,L2_0067,40,2,0.983221,0.7844559042339541,0.7844911654173292,0.7844931992890187,0.7844931992890187,0.19876509576604595,0.1987298345826708,0.19872780071098128,0.1987298345826708,0.19872780071098128
Qwen/Qwen2.5-1.5B,L2_0068,40,2,0.817343,0.5706099937969998,0.5504165028390008,0.5504182209455603,0.5706099937969998,0.2467330062030002,0.26692649716099925,0.2669247790544398,0.26692649716099925,0.2467330062030002
Qwen/Qwen2.5-1.5B,L2_0069,40,2,1.152126,0.7417636579420603,0.7370753534412922,0.737138658668818,0.7417636579420603,0.41036234205793964,0.4150506465587078,0.414987341331182,0.4150506465587078,0.41036234205793964
Qwen/Qwen2.5-1.5B,L2_0070,40,2,1.228585,0.8286338876387624,0.8246597944213896,0.8246621709417385,0.8286338876387624,0.3999511123612376,0.40392520557861045,0.4039228290582615,0.40392520557861045,0.3999511123612376
Qwen/Qwen2.5-1.5B,L2_0071,40,2,1.096731,0.7150991357536843,0.7151301189744014,0.715131505698744,0.715131505698744,0.38163186424631557,0.3816008810255985,0.38159949430125595,0.3816008810255985,0.38159949430125595
Qwen/Qwen2.5-1.5B,L2_0072,40,2,0.826408,0.5852455526184741,0.5852607665718094,0.5852616220373738,0.5852616220373738,0.24116244738152592,0.24114723342819067,0.24114637796262628,0.24114723342819067,0.24114637796262628
Qwen/Qwen2.5-1.5B,L2_0073,40,2,1.317053,0.7214623137864341,0.721480080061645,0.7214814647073655,0.7214814647073655,0.5955906862135659,0.595572919938355,0.5955715352926345,0.595572919938355,0.5955715352926345
Qwen/Qwen2.5-1.5B,L2_0074,40,2,1.038346,0.7065867932035174,0.6945000458081109,0.6945024475777626,0.7065867932035174,0.33175920679648263,0.3438459541918891,0.3438435524222374,0.3438459541918891,0.33175920679648263
Qwen/Qwen2.5-1.5B,L3_0000,50,3,1.140088,0.4301158429697358,0.4301221116172796,0.43012252954670394,0.43012252954670394,0.7099721570302642,0.7099658883827205,0.709965470453296,0.7099658883827205,0.709965470453296
Qwen/Qwen2.5-1.5B,L3_0001,50,3,1.157379,0.5706099937969998,0.5504165028390008,0.5504182209455603,0.5706099937969998,0.5867690062030001,0.6069624971609991,0.6069607790544397,0.6069624971609991,0.5867690062030001
Qwen/Qwen2.5-1.5B,L3_0002,50,3,1.18365,0.04474327188361636,0.044745993587598586,0.04474617590097263,0.04474617590097263,1.1389067281163838,1.1389040064124014,1.1389038240990275,1.1389040064124014,1.1389038240990275
Qwen/Qwen2.5-1.5B,L3_0003,50,3,1.296111,0.6026450903142165,0.6026584599601545,0.6026593544134076,0.6026593544134076,0.6934659096857835,0.6934525400398455,0.6934516455865924,0.6934525400398455,0.6934516455865924
Qwen/Qwen2.5-1.5B,L3_0004,50,3,0.92964,0.5477962015110627,0.5306252317635368,0.5306263688428133,0.5477962015110627,0.38184379848893735,0.3990147682364632,0.3990136311571867,0.3990147682364632,0.38184379848893735
Qwen/Qwen2.5-1.5B,L3_0005,50,3,1.319231,0.8098589604273358,0.8055800066714798,0.8052076131552992,0.8098589604273358,0.5093720395726642,0.5136509933285203,0.5140233868447008,0.5136509933285203,0.5093720395726642
Qwen/Qwen2.5-1.5B,L3_0006,50,3,0.953577,0.5574132606847518,0.5574234889397737,0.5574242263287484,0.5574242263287484,0.3961637393152482,0.39615351106022634,0.39615277367125157,0.39615351106022634,0.39615277367125157
Qwen/Qwen2.5-1.5B,L3_0007,50,3,1.12864,0.03845314249761365,0.03845585126048172,0.03845603270452682,0.03845603270452682,1.0901868575023865,1.0901841487395183,1.0901839672954732,1.0901841487395183,1.0901839672954732
Qwen/Qwen2.5-1.5B,L3_0008,50,3,1.05878,0.8514758342754383,0.8460293739774801,0.8460327381807456,0.8514758342754383,0.20730416572456178,0.21275062602251993,0.2127472618192544,0.21275062602251993,0.20730416572456178
Qwen/Qwen2.5-1.5B,L3_0009,50,3,1.080083,0.024108853606803107,0.02411136027449907,0.024111527736784093,0.024111527736784093,1.0559741463931969,1.0559716397255008,1.0559714722632159,1.0559716397255008,1.0559714722632159
Qwen/Qwen2.5-1.5B,L3_0010,50,3,0.969228,0.6917367642704023,0.6917618372630023,0.6917633900569142,0.6917633900569142,0.27749123572959766,0.27746616273699765,0.27746460994308575,0.27746616273699765,0.27746460994308575
Qwen/Qwen2.5-1.5B,L3_0011,50,3,0.995627,0.7412218914901847,0.721367892892658,0.7213697225678136,0.7412218914901847,0.25440510850981535,0.274259107107342,0.2742572774321864,0.274259107107342,0.25440510850981535
Qwen/Qwen2.5-1.5B,L3_0012,50,3,1.306365,0.4294522956933991,0.42945863605318707,0.4294590589387156,0.4294590589387156,0.876912704306601,0.8769063639468129,0.8769059410612844,0.8769063639468129,0.8769059410612844
Qwen/Qwen2.5-1.5B,L3_0013,50,3,1.040523,0.6487980158593791,0.648814958264664,0.6488161058366146,0.6488161058366146,0.39172498414062096,0.39170804173533613,0.39170689416338544,0.39170804173533613,0.39170689416338544
Qwen/Qwen2.5-1.5B,L3_0014,50,3,0.960882,0.7050375990559045,0.705059984246889,0.7050615511054588,0.7050615511054588,0.25584440094409555,0.25582201575311103,0.25582044889454125,0.25582201575311103,0.25582044889454125
Qwen/Qwen2.5-1.5B,L3_0015,50,3,1.07867,0.6402355952126098,0.6391000778517706,0.6385585957741182,0.6402355952126098,0.43843440478739026,0.43956992214822943,0.4401114042258818,0.43956992214822943,0.43843440478739026
Qwen/Qwen2.5-1.5B,L3_0016,50,3,0.993442,0.6605666402237983,0.6534908847391929,0.6534924918376231,0.6605666402237983,0.33287535977620175,0.3399511152608071,0.3399495081623769,0.3399511152608071,0.33287535977620175
Qwen/Qwen2.5-1.5B,L3_0017,50,3,1.13671,0.6055844468883976,0.605192896409938,0.6051938757811044,0.6055844468883976,0.5311255531116025,0.5315171035900621,0.5315161242188957,0.5315171035900621,0.5311255531116025
Qwen/Qwen2.5-1.5B,L3_0018,50,3,1.097281,0.7646257300788988,0.7646498334248318,0.7646513539137213,0.7646513539137213,0.33265526992110117,0.3326311665751681,0.33262964608627865,0.3326311665751681,0.33262964608627865
Qwen/Qwen2.5-1.5B,L3_0019,50,3,1.406355,0.6029066186059336,0.6021416849221141,0.6021429904947243,0.6029066186059336,0.8034483813940664,0.804213315077886,0.8042120095052757,0.804213315077886,0.8034483813940664
Qwen/Qwen2.5-1.5B,L3_0020,50,3,1.116134,0.7249202921233759,0.7249422172576822,0.7249435538846591,0.7249435538846591,0.391213707876624,0.3911917827423178,0.3911904461153408,0.3911917827423178,0.3911904461153408
Qwen/Qwen2.5-1.5B,L3_0021,50,3,1.437848,0.5992937367445168,0.5988962177262275,0.5988970655557503,0.5992937367445168,0.8385542632554832,0.8389517822737725,0.8389509344442497,0.8389517822737725,0.8385542632554832
Qwen/Qwen2.5-1.5B,L3_0022,50,3,1.291835,0.7418789917355854,0.7378513854876206,0.7378536469244034,0.7418789917355854,0.5499560082644147,0.5539836145123794,0.5539813530755967,0.5539836145123794,0.5499560082644147
Qwen/Qwen2.5-1.5B,L3_0023,50,3,0.973101,0.8061259903798232,0.7949539603817875,0.7949560493161212,0.8061259903798232,0.16697500962017675,0.17814703961821254,0.1781449506838788,0.17814703961821254,0.16697500962017675
Qwen/Qwen2.5-1.5B,L3_0024,50,3,1.420564,0.8724732798523861,0.864815792825188,0.8648189436656359,0.8724732798523861,0.5480907201476138,0.555748207174812,0.555745056334364,0.555748207174812,0.5480907201476138
Qwen/Qwen2.5-1.5B,L3_0025,50,3,1.005577,0.03845314249761365,0.03845585126048172,0.03845603270452682,0.03845603270452682,0.9671238575023863,0.9671211487395183,0.9671209672954731,0.9671211487395183,0.9671209672954731
Qwen/Qwen2.5-1.5B,L3_0026,50,3,1.305428,0.7816260300737862,0.7768838249950876,0.7768857853413624,0.7816260300737862,0.5238019699262139,0.5285441750049125,0.5285422146586376,0.5285441750049125,0.5238019699262139
Qwen/Qwen2.5-1.5B,L3_0027,50,3,1.006285,0.6932516080287356,0.6932663908891421,0.6932673755978318,0.6932673755978318,0.31303339197126445,0.313018609110858,0.3130176244021683,0.313018609110858,0.3130176244021683
Qwen/Qwen2.5-1.5B,L3_0028,50,3,1.391758,0.7419827219290659,0.7221418604138654,0.7221438799391333,0.7419827219290659,0.6497752780709342,0.6696161395861346,0.6696141200608667,0.6696161395861346,0.6497752780709342
Qwen/Qwen2.5-1.5B,L3_0029,50,3,1.36147,0.6948153617589066,0.6948428933335028,0.6948442361199869,0.6948442361199869,0.6666546382410934,0.6666271066664972,0.666625763880013,0.6666271066664972,0.666625763880013
Qwen/Qwen2.5-1.5B,L3_0030,50,3,0.963622,0.7833035801204509,0.7648611679833895,0.7648630036094184,0.7833035801204509,0.1803184198795491,0.19876083201661043,0.1987589963905816,0.19876083201661043,0.1803184198795491
Qwen/Qwen2.5-1.5B,L3_0031,50,3,1.060161,0.6180452059021418,0.6169976019783584,0.6169991102795511,0.6180452059021418,0.44211579409785806,0.4431633980216415,0.4431618897204488,0.4431633980216415,0.44211579409785806
Qwen/Qwen2.5-1.5B,L3_0032,50,3,1.020951,0.029920504344373655,0.029923106563902,0.029923280634887216,0.029923280634887216,0.9910304956556263,0.991027893436098,0.9910277193651127,0.991027893436098,0.9910277193651127
Qwen/Qwen2.5-1.5B,L3_0033,50,3,1.05929,0.7635579346233429,0.763582938563729,0.7635850204848161,0.7635850204848161,0.2957320653766572,0.295707061436271,0.29570497951518393,0.295707061436271,0.29570497951518393
Qwen/Qwen2.5-1.5B,L3_0034,50,3,1.412157,0.5583458302314682,0.5583569622871718,0.5583575949492239,0.5583575949492239,0.8538111697685319,0.8538000377128283,0.8537994050507762,0.8538000377128283,0.8537994050507762
Qwen/Qwen2.5-1.5B,L3_0035,50,3,0.965962,0.019667589208854527,0.019670087476109318,0.01967025437567524,0.01967025437567524,0.9462944107911455,0.9462919125238907,0.9462917456243247,0.9462919125238907,0.9462917456243247
Qwen/Qwen2.5-1.5B,L3_0036,50,3,1.00467,0.7232027749869694,0.7232201877356925,0.7232213894608216,0.7232213894608216,0.28146722501303056,0.28144981226430743,0.28144861053917836,0.28144981226430743,0.28144861053917836
Qwen/Qwen2.5-1.5B,L3_0037,50,3,0.836652,0.5846899337508463,0.5847028551289197,0.5847045481837584,0.5847045481837584,0.2519620662491536,0.2519491448710802,0.25194745181624156,0.2519491448710802,0.25194745181624156
Qwen/Qwen2.5-1.5B,L3_0038,50,3,1.166856,0.017685669410862474,0.01768808441030541,0.017688245548064793,0.017688245548064793,1.1491703305891374,1.1491679155896946,1.1491677544519352,1.1491679155896946,1.1491677544519352
Qwen/Qwen2.5-1.5B,L3_0039,50,3,0.974088,0.7532667704569236,0.7453123512976567,0.7453150255794309,0.7532667704569236,0.22082122954307637,0.22877564870234324,0.2287729744205691,0.22877564870234324,0.22082122954307637
Qwen/Qwen2.5-1.5B,L3_0040,50,3,1.234851,0.5636289133977946,0.5586649677460743,0.5584014169654159,0.5636289133977946,0.6712220866022053,0.6761860322539256,0.676449583034584,0.6761860322539256,0.6712220866022053
Qwen/Qwen2.5-1.5B,L3_0041,50,3,0.994875,0.7720007337376269,0.7613862259880061,0.761388449425873,0.7720007337376269,0.22287426626237306,0.23348877401199386,0.23348655057412693,0.23348877401199386,0.22287426626237306
Qwen/Qwen2.5-1.5B,L3_0042,50,3,1.292415,0.7740233455356941,0.7637123983065659,0.7637145372327384,0.7740233455356941,0.518391654464306,0.5287026016934342,0.5287004627672617,0.5287026016934342,0.518391654464306
Qwen/Qwen2.5-1.5B,L3_0043,50,3,1.316123,0.4336056780688483,0.43361202259252735,0.4336124457585726,0.4336124457585726,0.8825173219311516,0.8825109774074726,0.8825105542414273,0.8825109774074726,0.8825105542414273
Qwen/Qwen2.5-1.5B,L3_0044,50,3,0.957791,0.5922603204001213,0.5707781240223389,0.5707791356060219,0.5922603204001213,0.3655306795998786,0.3870128759776611,0.38701186439397806,0.3870128759776611,0.3655306795998786
Qwen/Qwen2.5-1.5B,L3_0045,50,3,0.977661,0.6918344705583442,0.69185701476678,0.6918585688861117,0.6918585688861117,0.28582652944165576,0.28580398523322004,0.28580243111388826,0.28580398523322004,0.28580243111388826
Qwen/Qwen2.5-1.5B,L3_0046,50,3,1.17426,0.6448035643212972,0.644822461165197,0.6448235312039016,0.6448235312039016,0.5294564356787029,0.529437538834803,0.5294364687960985,0.529437538834803,0.5294364687960985
Qwen/Qwen2.5-1.5B,L3_0047,50,3,0.915285,0.5925898350658809,0.5926016908395764,0.5926024804294083,0.5926024804294083,0.3226951649341191,0.32268330916042365,0.3226825195705917,0.32268330916042365,0.3226825195705917
Qwen/Qwen2.5-1.5B,L3_0048,50,3,0.946159,0.27542317651799086,0.2757489219031634,0.27576506101404463,0.27576506101404463,0.6707358234820091,0.6704100780968365,0.6703939389859553,0.6704100780968365,0.6703939389859553
Qwen/Qwen2.5-1.5B,L3_0049,50,3,1.426152,0.5846899337508463,0.5847028551289197,0.5847045481837584,0.5847045481837584,0.8414620662491538,0.8414491448710804,0.8414474518162417,0.8414491448710804,0.8414474518162417
Qwen/Qwen2.5-1.5B,L3_0050,50,3,1.086995,0.6505033618138012,0.6444992866076226,0.644501003738409,0.6505033618138012,0.43649163818619874,0.44249571339237737,0.4424939962615909,0.44249571339237737,0.43649163818619874
Qwen/Qwen2.5-1.5B,L3_0051,50,3,0.951331,0.02674160365444617,0.026744156930739615,0.02674432761600261,0.02674432761600261,0.9245893963455538,0.9245868430692604,0.9245866723839974,0.9245868430692604,0.9245866723839974
Qwen/Qwen2.5-1.5B,L3_0052,50,3,1.190776,0.8446537465020637,0.8427806632244197,0.8427883834665789,0.8446537465020637,0.34612225349793635,0.34799533677558037,0.34798761653342114,0.34799533677558037,0.34612225349793635
Qwen/Qwen2.5-1.5B,L3_0053,50,3,1.007989,0.7643504024301477,0.7643737982975438,0.7643753185783453,0.7643753185783453,0.2436385975698523,0.2436152017024562,0.24361368142165474,0.2436152017024562,0.24361368142165474
Qwen/Qwen2.5-1.5B,L3_0054,50,3,1.029103,0.5656319598515702,0.5656427337771543,0.5656434989734377,0.5656434989734377,0.4634710401484299,0.46346026622284575,0.4634595010265624,0.46346026622284575,0.4634595010265624
Qwen/Qwen2.5-1.5B,L3_0055,50,3,1.062614,0.7316628725953549,0.7316271230910885,0.7316284113309649,0.7316628725953549,0.33095112740464505,0.3309868769089115,0.33098558866903505,0.3309868769089115,0.33095112740464505
Qwen/Qwen2.5-1.5B,L3_0056,50,3,1.349676,0.43193801842200474,0.43194438697830956,0.4319448117472449,0.4319448117472449,0.9177379815779954,0.9177316130216906,0.9177311882527552,0.9177316130216906,0.9177311882527552
Qwen/Qwen2.5-1.5B,L3_0057,50,3,0.985976,0.7829734005398282,0.7830034738151155,0.7830055100029998,0.7830055100029998,0.20300259946017174,0.20297252618488448,0.20297048999700018,0.20297252618488448,0.20297048999700018
Qwen/Qwen2.5-1.5B,L3_0058,50,3,0.969685,0.8361886142010506,0.8204840334960886,0.8204863715026122,0.8361886142010506,0.1334963857989494,0.14920096650391146,0.14919862849738785,0.14920096650391146,0.1334963857989494
Qwen/Qwen2.5-1.5B,L3_0059,50,3,0.995042,0.04582162392910814,0.04546212261225735,0.045462318680764356,0.04582162392910814,0.9492203760708918,0.9495798773877426,0.9495796813192356,0.9495798773877426,0.9492203760708918
Qwen/Qwen2.5-1.5B,L3_0060,50,3,1.046527,0.7627668935356665,0.7627888911528576,0.762790344305005,0.762790344305005,0.2837601064643335,0.28373810884714235,0.28373665569499495,0.28373810884714235,0.28373665569499495
Qwen/Qwen2.5-1.5B,L3_0061,50,3,0.992334,0.028024959809636218,0.02802751556807378,0.028027686419727055,0.028027686419727055,0.9643090401903638,0.9643064844319262,0.964306313580273,0.9643064844319262,0.964306313580273
Qwen/Qwen2.5-1.5B,L3_0062,50,3,1.506999,0.7511498174908543,0.7439025653025175,0.7434339874206211,0.7511498174908543,0.7558491825091457,0.7630964346974825,0.7635650125793789,0.7630964346974825,0.7558491825091457
Qwen/Qwen2.5-1.5B,L3_0063,50,3,1.434373,0.6007088023349622,0.6002848303665512,0.6002857884399444,0.6007088023349622,0.8336641976650377,0.8340881696334487,0.8340872115600555,0.8340881696334487,0.8336641976650377
Qwen/Qwen2.5-1.5B,L3_0064,50,3,1.178853,0.7669781085258172,0.7670018540892981,0.76700322313199,0.76700322313199,0.41187489147418277,0.4118511459107018,0.41184977686800994,0.4118511459107018,0.41184977686800994
Qwen/Qwen2.5-1.5B,L3_0065,50,3,1.282065,0.5344733396265178,0.5215638314940605,0.5215650500676103,0.5344733396265178,0.7475916603734822,0.7605011685059395,0.7604999499323897,0.7605011685059395,0.7475916603734822
Qwen/Qwen2.5-1.5B,L3_0066,50,3,1.224771,0.7587466197683002,0.7587739893710018,0.75877563182598,0.75877563182598,0.4660243802316999,0.46599701062899823,0.4659953681740201,0.46599701062899823,0.4659953681740201
Qwen/Qwen2.5-1.5B,L3_0067,50,3,1.27658,0.7930209745646012,0.7745123819582127,0.7744598736401815,0.7930209745646012,0.48355902543539886,0.5020676180417873,0.5021201263598185,0.5020676180417873,0.48355902543539886
Qwen/Qwen2.5-1.5B,L3_0068,50,3,1.362899,0.5747156218559124,0.5747256523101089,0.574726397875644,0.574726397875644,0.7881833781440877,0.7881733476898912,0.7881726021243561,0.7881733476898912,0.7881726021243561
Qwen/Qwen2.5-1.5B,L3_0069,50,3,0.975703,0.024108853606803107,0.02411136027449907,0.024111527736784093,0.024111527736784093,0.9515941463931968,0.9515916397255009,0.9515914722632159,0.9515916397255009,0.9515914722632159
Qwen/Qwen2.5-1.5B,L3_0070,50,3,1.01605,0.8530774807734798,0.84305840498139,0.8430612209855916,0.8530774807734798,0.16297251922652012,0.17299159501860994,0.17298877901440834,0.17299159501860994,0.16297251922652012
Qwen/Qwen2.5-1.5B,L3_0071,50,3,1.010528,0.738451499098898,0.7389577134626184,0.7384491201404403,0.7389577134626184,0.27207650090110214,0.2715702865373817,0.2720788798595598,0.2715702865373817,0.2715702865373817
Qwen/Qwen2.5-1.5B,L3_0072,50,3,0.559447,0.03302627183784999,0.03302883727212604,0.03302900877235762,0.03302900877235762,0.52642072816215,0.526418162727874,0.5264179912276424,0.526418162727874,0.5264179912276424
Qwen/Qwen2.5-1.5B,L3_0073,50,3,1.458706,0.6870242409643407,0.674310433387877,0.6743131925534351,0.6870242409643407,0.7716817590356594,0.7843955666121231,0.7843928074465649,0.7843955666121231,0.7716817590356594
Qwen/Qwen2.5-1.5B,L3_0074,50,3,1.182428,0.10647769393883012,0.10648160988817047,0.10648187602177148,0.10648187602177148,1.07595030606117,1.0759463901118296,1.0759461239782286,1.0759463901118296,1.0759461239782286
Qwen/Qwen2.5-1.5B,L4_0000,60,4,0.955798,0.7586511838488648,0.7459631501182621,0.7459651293959184,0.7586511838488648,0.19714681615113527,0.20983484988173795,0.20983287060408162,0.20983484988173795,0.19714681615113527
Qwen/Qwen2.5-1.5B,L4_0001,60,4,1.012468,0.05240865661525192,0.052411590836169614,0.05241178795151533,0.05241178795151533,0.960059343384748,0.9600564091638303,0.9600562120484846,0.9600564091638303,0.9600562120484846
Qwen/Qwen2.5-1.5B,L4_0002,60,4,1.027616,0.0227797168953246,0.02278218061344422,0.02278234510369005,0.02278234510369005,1.0048362831046755,1.0048338193865558,1.00483365489631,1.0048338193865558,1.00483365489631
Qwen/Qwen2.5-1.5B,L4_0003,60,4,1.026854,0.03189997074820839,0.03190257688353642,0.03190275121722177,0.03190275121722177,0.9949540292517915,0.9949514231164636,0.9949512487827782,0.9949514231164636,0.9949512487827782
Qwen/Qwen2.5-1.5B,L4_0004,60,4,1.185586,0.7054504316639065,0.7045642542592548,0.7045659272595068,0.7054504316639065,0.4801355683360935,0.4810217457407452,0.4810200727404932,0.4810217457407452,0.4801355683360935
Qwen/Qwen2.5-1.5B,L4_0005,60,4,1.143517,0.7655926005179502,0.7529130905365166,0.752914708390039,0.7655926005179502,0.3779243994820497,0.39060390946348333,0.39060229160996085,0.39060390946348333,0.3779243994820497
Qwen/Qwen2.5-1.5B,L4_0006,60,4,0.941465,0.5748138642585034,0.5743496832532752,0.5743503975505938,0.5748138642585034,0.36665113574149655,0.3671153167467248,0.3671146024494062,0.3671153167467248,0.36665113574149655
Qwen/Qwen2.5-1.5B,L4_0007,60,4,0.982055,0.8063801701860241,0.8058759714122804,0.8058778572511496,0.8063801701860241,0.17567482981397586,0.1761790285877196,0.17617714274885043,0.1761790285877196,0.17567482981397586
Qwen/Qwen2.5-1.5B,L4_0008,60,4,0.88475,0.6912961759548333,0.6788665694611609,0.6788681933347358,0.6912961759548333,0.19345382404516676,0.20588343053883917,0.20588180666526423,0.20588343053883917,0.19345382404516676
Qwen/Qwen2.5-1.5B,L4_0009,60,4,1.103152,0.6982793348607337,0.6982949466524133,0.6982959885087717,0.6982959885087717,0.40487266513926623,0.4048570533475866,0.4048560114912282,0.4048570533475866,0.4048560114912282
Qwen/Qwen2.5-1.5B,L4_0010,60,4,0.527042,0.048840316529699744,0.048843093774315005,0.04884327993853693,0.04884327993853693,0.4782016834703003,0.478198906225685,0.4781987200614631,0.478198906225685,0.4781987200614631
Qwen/Qwen2.5-1.5B,L4_0011,60,4,1.51647,0.5985142284962572,0.5934838055173518,0.5931909595692921,0.5985142284962572,0.9179557715037427,0.9229861944826482,0.9232790404307079,0.9229861944826482,0.9179557715037427
Qwen/Qwen2.5-1.5B,L4_0012,60,4,1.118532,0.4352487480828973,0.43525523771293756,0.43525567089648726,0.43525567089648726,0.6832832519171028,0.6832767622870626,0.6832763291035129,0.6832767622870626,0.6832763291035129
Qwen/Qwen2.5-1.5B,L4_0013,60,4,1.022486,0.03735423664485051,0.03700263812276547,0.03700282595512507,0.03735423664485051,0.9851317633551495,0.9854833618772345,0.985483174044875,0.9854833618772345,0.9851317633551495
Qwen/Qwen2.5-1.5B,L4_0014,60,4,1.326013,0.6963862146856867,0.6958907472128983,0.6958917875577267,0.6963862146856867,0.6296267853143134,0.6301222527871018,0.6301212124422734,0.6301222527871018,0.6296267853143134
Qwen/Qwen2.5-1.5B,L4_0015,60,4,1.00867,0.8577572857956802,0.8574490457000956,0.8574530256377456,0.8577572857956802,0.15091271420431973,0.15122095429990434,0.15121697436225434,0.15122095429990434,0.15091271420431973
Qwen/Qwen2.5-1.5B,L4_0016,60,4,1.295158,0.9271474262626128,0.9126444371973418,0.9126563053299662,0.9271474262626128,0.3680105737373872,0.38251356280265825,0.3825016946700338,0.38251356280265825,0.3680105737373872
Qwen/Qwen2.5-1.5B,L4_0017,60,4,0.963667,0.725317809919166,0.7253374988103464,0.725338710409043,0.725338710409043,0.2383491900808341,0.23832950118965368,0.2383282895909571,0.23832950118965368,0.2383282895909571
Qwen/Qwen2.5-1.5B,L4_0018,60,4,1.104396,0.7637105181282448,0.751355480422186,0.7513570179080276,0.7637105181282448,0.3406854818717552,0.3530405195778139,0.3530389820919724,0.3530405195778139,0.3406854818717552
Qwen/Qwen2.5-1.5B,L4_0019,60,4,1.139646,0.4419672948790378,0.44197401240473033,0.441974461362193,0.441974461362193,0.6976787051209621,0.6976719875952696,0.697671538637807,0.6976719875952696,0.697671538637807
Qwen/Qwen2.5-1.5B,L4_0020,60,4,1.208497,0.6742577310775624,0.6683914703622507,0.668396039081274,0.6742577310775624,0.5342392689224376,0.5401055296377493,0.540100960918726,0.5401055296377493,0.5342392689224376
Qwen/Qwen2.5-1.5B,L4_0021,60,4,1.289502,0.7001946462584047,0.6969054691221932,0.6968286640555951,0.7001946462584047,0.5893073537415953,0.5925965308778067,0.5926733359444049,0.5925965308778067,0.5893073537415953
Qwen/Qwen2.5-1.5B,L4_0022,60,4,1.421267,0.5637436850154895,0.5637534024336218,0.5637541097558959,0.5637541097558959,0.8575233149845105,0.8575135975663782,0.8575128902441042,0.8575135975663782,0.8575128902441042
Qwen/Qwen2.5-1.5B,L4_0023,60,4,1.455242,0.6127115246038044,0.611794363368692,0.6117957767065555,0.6127115246038044,0.8425304753961955,0.843447636631308,0.8434462232934444,0.843447636631308,0.8425304753961955
Qwen/Qwen2.5-1.5B,L4_0024,60,4,1.253289,0.6922344920322396,0.692249119430055,0.692250093465733,0.692250093465733,0.5610545079677605,0.5610398805699451,0.5610389065342671,0.5610398805699451,0.5610389065342671
Qwen/Qwen2.5-1.5B,L4_0025,60,4,1.050877,0.8768336777377311,0.8681736122434842,0.8681771029330109,0.8768336777377311,0.17404332226226893,0.18270338775651584,0.1826998970669892,0.18270338775651584,0.17404332226226893
Qwen/Qwen2.5-1.5B,L4_0026,60,4,1.100904,0.6445910586389432,0.6446098426301365,0.6446109134989658,0.6446109134989658,0.45631294136105693,0.45629415736986356,0.4562930865010343,0.45629415736986356,0.4562930865010343
Qwen/Qwen2.5-1.5B,L4_0027,60,4,0.568829,0.025399765533480178,0.025402274651858892,0.02540244227831566,0.02540244227831566,0.5434292344665198,0.5434267253481412,0.5434265577216844,0.5434267253481412,0.5434265577216844
Qwen/Qwen2.5-1.5B,L4_0028,60,4,1.191195,0.6200420243415461,0.6113528339937497,0.6113549451394146,0.6200420243415461,0.5711529756584539,0.5798421660062503,0.5798400548605854,0.5798421660062503,0.5711529756584539
Qwen/Qwen2.5-1.5B,L4_0029,60,4,1.412265,0.6978544229506486,0.6961947888180302,0.6959833223850177,0.6978544229506486,0.7144105770493515,0.7160702111819699,0.7162816776149824,0.7160702111819699,0.7144105770493515
Qwen/Qwen2.5-1.5B,L4_0030,60,4,1.118739,0.5661037873655765,0.5661130509143891,0.5661137351306741,0.5661137351306741,0.5526352126344234,0.5526259490856108,0.5526252648693258,0.5526259490856108,0.5526252648693258
Qwen/Qwen2.5-1.5B,L4_0031,60,4,1.435784,0.5659770849249743,0.5659887406764992,0.5659894121321165,0.5659894121321165,0.8698069150750256,0.8697952593235008,0.8697945878678834,0.8697952593235008,0.8697945878678834
Qwen/Qwen2.5-1.5B,L4_0032,60,4,1.10546,0.599536197297834,0.5982665643775423,0.5982675427532996,0.599536197297834,0.5059238027021661,0.5071934356224578,0.5071924572467005,0.5071934356224578,0.5059238027021661
Qwen/Qwen2.5-1.5B,L4_0033,60,4,1.030838,0.9292330901600443,0.9241087906836166,0.924164721985922,0.9292330901600443,0.10160490983995563,0.1067292093163833,0.10667327801407789,0.1067292093163833,0.10160490983995563
Qwen/Qwen2.5-1.5B,L4_0034,60,4,0.587376,0.02789319505567541,0.0278957089006367,0.027895876843700027,0.027895876843700027,0.5594828049443246,0.5594802910993633,0.5594801231563,0.5594802910993633,0.5594801231563
Qwen/Qwen2.5-1.5B,L4_0035,60,4,1.299268,0.5884916338684969,0.5885093248007567,0.5885103580239128,0.5885103580239128,0.7107763661315032,0.7107586751992434,0.7107576419760873,0.7107586751992434,0.7107576419760873
Qwen/Qwen2.5-1.5B,L4_0036,60,4,1.382978,0.5767012161366202,0.5767117340114183,0.5767125194403422,0.5767125194403422,0.8062767838633799,0.8062662659885818,0.8062654805596579,0.8062662659885818,0.8062654805596579
Qwen/Qwen2.5-1.5B,L4_0037,60,4,1.164146,0.5898545279406943,0.5898753999133088,0.5898765581263454,0.5898765581263454,0.5742914720593056,0.5742706000866911,0.5742694418736545,0.5742706000866911,0.5742694418736545
Qwen/Qwen2.5-1.5B,L4_0038,60,4,1.071194,0.7852708468867062,0.7852993712759868,0.7853021642530728,0.7853021642530728,0.28592315311329375,0.28589462872401317,0.2858918357469272,0.28589462872401317,0.2858918357469272
Qwen/Qwen2.5-1.5B,L4_0039,60,4,1.018292,0.8354598274898255,0.8254918167778829,0.8255050683153046,0.8354598274898255,0.18283217251017447,0.19280018322211712,0.1927869316846954,0.19280018322211712,0.18283217251017447
Qwen/Qwen2.5-1.5B,L4_0040,60,4,1.17069,0.8458249099529728,0.8458578687551506,0.8458598458766795,0.8458598458766795,0.32486509004702724,0.32483213124484944,0.3248301541233205,0.32483213124484944,0.3248301541233205
Qwen/Qwen2.5-1.5B,L4_0041,60,4,1.151535,0.770121857009813,0.7576331632452089,0.7576351023628319,0.770121857009813,0.381413142990187,0.39390183675479107,0.39389989763716804,0.39390183675479107,0.381413142990187
Qwen/Qwen2.5-1.5B,L4_0042,60,4,0.983375,0.02674160365444617,0.026744156930739615,0.02674432761600261,0.02674432761600261,0.9566333963455538,0.9566308430692604,0.9566306723839973,0.9566308430692604,0.9566306723839973
Qwen/Qwen2.5-1.5B,L4_0043,60,4,1.02122,0.8082630239382511,0.8082868873273746,0.8082886392711722,0.8082886392711722,0.2129569760617489,0.21293311267262538,0.2129313607288278,0.21293311267262538,0.2129313607288278
Qwen/Qwen2.5-1.5B,L4_0044,60,4,0.976716,0.5904768267802573,0.585079735426626,0.5847839345268079,0.5904768267802573,0.38623917321974277,0.3916362645733741,0.39193206547319215,0.3916362645733741,0.38623917321974277
Qwen/Qwen2.5-1.5B,L4_0045,60,4,1.222056,0.5852455526184741,0.5852607665718094,0.5852616220373738,0.5852616220373738,0.6368104473815259,0.6367952334281907,0.6367943779626263,0.6367952334281907,0.6367943779626263
Qwen/Qwen2.5-1.5B,L4_0046,60,4,1.011179,0.03707877186130268,0.03708143242856003,0.03708161052322435,0.03708161052322435,0.9741002281386973,0.9740975675714401,0.9740973894767757,0.9740975675714401,0.9740973894767757
Qwen/Qwen2.5-1.5B,L4_0047,60,4,1.085423,0.4294522956933991,0.42945863605318707,0.4294590589387156,0.4294590589387156,0.655970704306601,0.6559643639468129,0.6559639410612844,0.6559643639468129,0.6559639410612844
Qwen/Qwen2.5-1.5B,L4_0048,60,4,1.000211,0.7558995363879208,0.7561202564484327,0.756139422891283,0.756139422891283,0.24431146361207912,0.24409074355156724,0.24407157710871696,0.24409074355156724,0.24407157710871696
Qwen/Qwen2.5-1.5B,L4_0049,60,4,1.013891,0.5783086318626245,0.578341812816627,0.5783237797076131,0.578341812816627,0.4355823681373756,0.4355491871833731,0.43556722029238704,0.4355491871833731,0.4355491871833731
Qwen/Qwen2.5-1.5B,L4_0050,60,4,0.924618,0.024299748061522387,0.023959583914273358,0.023959760240928066,0.024299748061522387,0.9003182519384777,0.9006584160857267,0.900658239759072,0.9006584160857267,0.9003182519384777
Qwen/Qwen2.5-1.5B,L4_0051,60,4,1.124255,0.8063006031724363,0.8063290401154832,0.8063309385146998,0.8063309385146998,0.31795439682756366,0.3179259598845168,0.31792406148530017,0.3179259598845168,0.31792406148530017
Qwen/Qwen2.5-1.5B,L4_0052,60,4,1.306723,0.645094510377791,0.6451108184292597,0.6451119461557211,0.6451119461557211,0.6616284896222091,0.6616121815707404,0.661611053844279,0.6616121815707404,0.661611053844279
Qwen/Qwen2.5-1.5B,L4_0053,60,4,1.127029,0.8024381574015532,0.8024650971932533,0.80246688289082,0.80246688289082,0.32459084259844684,0.32456390280674674,0.32456211710918004,0.32456390280674674,0.32456211710918004
Qwen/Qwen2.5-1.5B,L4_0054,60,4,0.406786,0.05273972894529317,0.05274256288792633,0.052742752988729186,0.052742752988729186,0.3540462710547068,0.35404343711207364,0.35404324701127077,0.35404343711207364,0.35404324701127077
Qwen/Qwen2.5-1.5B,L4_0055,60,4,1.246431,0.600172803435535,0.6001903607734737,0.6001915305607316,0.6001915305607316,0.646258196564465,0.6462406392265264,0.6462394694392685,0.6462406392265264,0.6462394694392685
Qwen/Qwen2.5-1.5B,L4_0056,60,4,1.192644,0.5960178676722234,0.5960352068023179,0.5960363613466019,0.5960363613466019,0.5966261323277766,0.5966087931976821,0.5966076386533982,0.5966087931976821,0.5966076386533982
Qwen/Qwen2.5-1.5B,L4_0057,60,4,1.239978,0.7445893515658655,0.7361954906103508,0.7361978757448508,0.7445893515658655,0.49538864843413455,0.5037825093896492,0.5037801242551492,0.5037825093896492,0.49538864843413455
Qwen/Qwen2.5-1.5B,L4_0058,60,4,1.183735,0.6835332532224733,0.6731408986113786,0.6730595259016863,0.6835332532224733,0.5002017467775267,0.5105941013886214,0.5106754740983137,0.5105941013886214,0.5002017467775267
Qwen/Qwen2.5-1.5B,L4_0059,60,4,1.144919,0.8152898763461477,0.8055541675727425,0.8055563421925218,0.8152898763461477,0.32962912365385233,0.33936483242725757,0.3393626578074782,0.33936483242725757,0.32962912365385233
Qwen/Qwen2.5-1.5B,L4_0060,60,4,1.00192,0.7680288023481355,0.7678174754041983,0.7678191131980039,0.7680288023481355,0.2338911976518644,0.2341025245958016,0.23410088680199603,0.2341025245958016,0.2338911976518644
Qwen/Qwen2.5-1.5B,L4_0061,60,4,0.475719,0.030542743411220572,0.030545304039040957,0.030545475217098134,0.030545475217098134,0.4451762565887794,0.44517369596095907,0.44517352478290184,0.44517369596095907,0.44517352478290184
Qwen/Qwen2.5-1.5B,L4_0062,60,4,0.960695,0.5908971279672591,0.5909088823300953,0.5909096649104079,0.5909096649104079,0.36979787203274084,0.36978611766990466,0.3697853350895921,0.36978611766990466,0.3697853350895921
Qwen/Qwen2.5-1.5B,L4_0063,60,4,0.98631,0.028772662120914772,0.028775305987669433,0.02877548296124397,0.02877548296124397,0.9575373378790852,0.9575346940123306,0.957534517038756,0.9575346940123306,0.957534517038756
Qwen/Qwen2.5-1.5B,L4_0064,60,4,1.03312,0.688264733264032,0.688285381010617,0.6882868231577008,0.6882868231577008,0.344855266735968,0.34483461898938306,0.3448331768422992,0.34483461898938306,0.3448331768422992
Qwen/Qwen2.5-1.5B,L4_0065,60,4,0.50875,0.025399765533480178,0.025402274651858892,0.02540244227831566,0.02540244227831566,0.48335023446651987,0.48334772534814113,0.48334755772168436,0.48334772534814113,0.48334755772168436
Qwen/Qwen2.5-1.5B,L4_0066,60,4,1.154898,0.043605036660902846,0.04360775604115816,0.043607938198482854,0.043607938198482854,1.111292963339097,1.111290243958842,1.1112900618015171,1.111290243958842,1.1112900618015171
Qwen/Qwen2.5-1.5B,L4_0067,60,4,0.987908,0.02674160365444617,0.026744156930739615,0.02674432761600261,0.02674432761600261,0.9611663963455538,0.9611638430692604,0.9611636723839974,0.9611638430692604,0.9611636723839974
Qwen/Qwen2.5-1.5B,L4_0068,60,4,1.182356,0.5466280541373688,0.5298515477156979,0.529852783531156,0.5466280541373688,0.6357279458626311,0.6525044522843021,0.652503216468844,0.6525044522843021,0.6357279458626311
Qwen/Qwen2.5-1.5B,L4_0069,60,4,0.526678,0.019667589208854527,0.019670087476109318,0.01967025437567524,0.01967025437567524,0.5070104107911455,0.5070079125238907,0.5070077456243247,0.5070079125238907,0.5070077456243247
Qwen/Qwen2.5-1.5B,L4_0070,60,4,1.197367,0.5916105178398605,0.5915990394887595,0.5915995951412936,0.5916105178398605,0.6057564821601396,0.6057679605112406,0.6057674048587065,0.6057679605112406,0.6057564821601396
Qwen/Qwen2.5-1.5B,L4_0071,60,4,1.254943,0.8743325479901576,0.8743737231050795,0.8743765009320046,0.8743765009320046,0.38061045200984234,0.38056927689492037,0.38056649906799533,0.38056927689492037,0.38056649906799533
Qwen/Qwen2.5-1.5B,L4_0072,60,4,1.123382,0.6942682047535931,0.6937706121094511,0.6937716105428285,0.6942682047535931,0.429113795246407,0.429611387890549,0.42961038945717156,0.429611387890549,0.429113795246407
Qwen/Qwen2.5-1.5B,L4_0073,60,4,1.117721,0.5790007105904761,0.5790128193417968,0.5790135010731184,0.5790135010731184,0.5387202894095239,0.5387081806582031,0.5387074989268815,0.5387081806582031,0.5387074989268815
Qwen/Qwen2.5-1.5B,L4_0074,60,4,0.494466,0.02160348085286405,0.021605982783395223,0.02160614992836287,0.02160614992836287,0.47286251914713595,0.4728600172166048,0.47285985007163717,0.4728600172166048,0.47285985007163717
